right_q,right_q_dot,left_q,left_q_dot,pelv_ang_1,pelv_ang_2,pelv_ang_3,pelv_acc_1,pelv_acc_1,pelv_acc_3,right_shoulder_ang_x,right_shoulder_ang_y,right_shoulder_ang_z,right_shoulder_acc_x,right_shoulder_acc_y,right_shoulder_acc_z,left_shoulder_ang_x,left_shoulder_ang_y,left_shoulder_ang_z,left_shoulder_acc_x,left_shoulder_acc_y,left_shoulder_acc_z,,,,Label
-0.5507,-1.0351,0.0235,1.2646,-0.9329,2.6833,2.4884,2.2374,7.9224,1.5062,1.722,2.5116,-3.0252,-0.0684,2.5886,6.8334,1.9404,1.1089,-3.4185,1.3693,-2.6184,5.539,0.934137,0,1698374923,0
-0.5503,-0.7713,0.0339,1.1741,-1.2595,3.2025,1.9598,1.9388,8.1976,0.9518,1.7385,2.2207,-2.8786,-0.0745,2.7065,7.1241,1.8072,0.3609,-3.2343,1.4829,-2.6665,5.6967,0.948842,0,1698374923,1
-0.5478,-0.5422,0.044,1.1476,-1.4945,3.9066,1.4725,1.5936,8.3704,0.5575,1.7156,2.0041,-2.7622,-0.0563,2.8367,7.4352,1.8128,-0.5362,-3.07,1.6238,-2.7646,5.8785,0.960264,0,1698374923,2
-0.5432,-0.2941,0.054,1.1522,-1.8133,4.6895,0.9466,1.6946,8.7989,0.228,1.6475,1.8528,-2.6564,-0.0242,2.9468,7.7479,1.7456,-0.9808,-2.9176,1.798,-2.9089,6.1314,0.969136,0,1698374923,3
-0.5338,-0.0036,0.0643,1.126,-1.9229,4.9798,0.3855,1.6637,8.874,0.1346,1.518,1.6527,-2.5282,0.0087,3.0212,8.0362,1.4633,-0.9963,-2.7925,1.9728,-3.06,6.4057,0.976027,0,1698374923,4
-0.5187,0.3752,0.0749,1.094,-1.7651,4.9215,-0.1841,1.2019,8.3468,0.0305,1.3619,1.4402,-2.3605,0.0241,3.0919,8.2954,1.2218,-0.9283,-2.7131,2.119,-3.2031,6.6537,0.981379,0,1698374923,5
-0.5003,0.7609,0.086,1.1101,-1.4568,4.9051,-0.7611,0.9065,8.0004,-0.0905,1.2109,1.2615,-2.1177,0.003,3.1546,8.5644,0.9627,-0.9044,-2.718,2.2256,-3.3393,6.9153,0.985537,0,1698374923,6
-0.4796,1.0543,0.0985,1.1972,-0.8543,4.774,-1.28,0.5171,8.0601,-0.105,1.0757,1.1014,-1.8252,-0.072,3.2217,8.8505,0.6669,-1.0938,-2.7959,2.2905,-3.4716,7.1711,0.988766,0,1698374923,7
-0.4576,1.3307,0.1123,1.3202,0.0985,4.6653,-1.6073,0.2338,8.1642,-0.3679,0.9605,0.9131,-1.5153,-0.1954,3.2955,9.1436,0.3663,-1.2588,-2.8522,2.3479,-3.6315,7.4511,0.991274,0,1698374923,8
-0.4363,1.4782,0.1266,1.3791,0.9443,4.6713,-1.7447,0.0327,8.2993,-0.7118,0.8675,0.6399,-1.1954,-0.3734,3.3667,9.4341,0.1005,-1.3332,-2.8643,2.3996,-3.8006,7.7776,0.993222,0,1698374923,8
-0.4187,1.4484,0.1405,1.3398,1.3405,4.6171,-1.8267,-0.3066,8.5215,-0.4639,0.7945,0.2334,-0.8566,-0.5987,3.4228,9.7468,-0.1187,-1.5061,-2.8065,2.4559,-3.9547,8.1005,0.994736,0,1698374923,9
-0.4078,1.305,0.1535,1.2817,1.2605,4.5639,-1.8598,-0.6853,9.8439,-0.6832,0.7702,-0.0551,-0.538,-0.7716,3.5112,10.0993,-0.2541,-1.7538,-2.603,2.5474,-4.1011,8.4263,0.995911,0,1698374923,10
-0.4045,1.0439,0.1652,1.2181,1.2307,4.2107,-1.6843,-1.3619,11.7346,-1.3427,0.7999,-0.2051,-0.2615,-0.9091,3.6447,10.4525,-0.2987,-2.0296,-2.2447,2.7067,-4.2285,8.7452,0.996824,0,1698374923,11
-0.4071,0.717,0.1752,1.1299,1.3985,3.5921,-1.3367,-2.0614,12.5947,-1.7453,0.8408,-0.451,-0.0434,-1.0571,3.748,10.7961,-0.3206,-2.3921,-1.796,2.8948,-4.3937,9.0377,0.997533,0,1698374923,12
-0.414,0.3583,0.1831,1.0406,1.591,2.971,-0.8886,-2.3185,12.7934,-2.2019,0.8598,-0.7648,0.1132,-1.184,3.8588,11.1271,-0.3435,-2.7496,-1.277,3.1102,-4.6038,9.3444,0.998084,0,1698374923,13
-0.4231,0.0377,0.1905,0.9949,1.617,2.4076,-0.3692,-2.0668,13.1302,-2.6257,0.8039,-1.1994,0.2161,-1.2994,3.995,11.4285,-0.3554,-2.8645,-0.7375,3.3491,-4.7306,9.6758,0.998512,0,1698374923,14
-0.4321,-0.1666,0.1972,0.9451,1.3994,2.0313,0.1518,-1.4517,13.6856,-3.0246,0.6539,-1.7935,0.2833,-1.3354,4.1843,11.6637,-0.42,-2.6631,-0.3219,3.5264,-4.8195,10.0116,0.998844,0,1698374923,15
-0.4377,-0.1786,0.2025,0.8563,1.2985,1.6198,0.6792,-0.9402,14.2932,-2.94,0.5007,-2.4723,0.43,-1.2895,4.3842,11.8999,-0.5682,-2.3678,-0.052,3.5224,-4.968,10.3918,0.999102,0,1698374923,16
-0.4364,-0.0205,0.2064,0.7394,1.3063,1.2771,0.9686,-0.548,14.2583,-2.3705,0.4585,-3.071,0.6326,-1.1409,4.5197,12.152,-0.7336,-2.1716,0.2251,3.3948,-5.0782,10.7727,0.999302,0,1698374923,17
-0.4273,0.2622,0.2084,0.5857,0.9612,1.4822,1.0069,0.1738,13.8447,-1.446,0.5262,-3.4654,0.7832,-0.8482,4.6965,12.3342,-0.8919,-2.1454,0.6379,3.4133,-5.1392,11.1455,0.999427,0,1698374923,18
-0.4119,0.6489,0.2071,0.3776,0.7758,1.6066,1.0732,0.5183,13.0004,0.0585,0.624,-3.6277,0.8507,-0.492,4.963,12.43,-1.0046,-2.3628,1.193,3.6543,-5.1275,11.4923,0.998743,0,1698374923,19
-0.3928,0.9375,0.1998,0.0663,0.9318,1.5429,1.2261,0.2363,12.0181,1.6357,0.6871,-3.5629,0.8793,-0.1673,5.2587,12.4288,-1.0171,-2.6041,1.7903,3.9989,-5.0027,11.7061,0.997396,0,1698374923,20
-0.3747,1.0107,0.185,-0.4065,0.511,1.6929,1.3918,-0.1861,12.7616,2.5977,0.6638,-3.3336,0.9288,0.0796,5.5293,12.3153,-0.9289,-2.6517,2.2968,4.2992,-4.8112,11.7933,0.997101,0,1698374923,21
-0.3664,0.8311,0.1638,-0.8607,0.6239,1.5862,1.9985,-0.9677,13.1264,3.6077,0.5323,-3.0191,1.0123,0.2853,5.7491,12.0639,-0.7623,-2.4672,2.6519,4.464,-4.5985,11.7894,0.997712,0,1698374923,22
-0.3692,0.5069,0.1388,-1.1824,1.1742,1.3149,2.9939,-1.6334,12.307,4.5991,0.3287,-2.6112,1.194,0.4731,5.9035,11.7133,-0.5716,-2.0136,2.8314,4.5164,-4.3438,11.6968,0.998217,0,1698374923,23
-0.3757,0.2625,0.1115,-1.4863,0.9362,1.3624,3.7968,-1.3828,11.9202,4.4382,0.1272,-2.0814,1.5005,0.5527,6.0269,11.3611,-0.4337,-1.3409,2.8533,4.4846,-3.9963,11.5265,0.998615,0,1698374923,24
-0.3773,0.2541,0.0818,-1.7775,-0.2193,1.3465,4.2322,-1.4889,12.7751,3.01,-0.02,-1.5565,1.8876,0.4552,6.1377,11.0902,-0.4161,-0.4818,2.8097,4.3432,-3.5882,11.3256,0.99878,0,1698374923,25
-0.3709,0.4491,0.0491,-2.0296,-1.3734,1.2711,4.3641,-1.9693,13.7029,2.1901,-0.1369,-1.4062,2.3323,0.3015,6.1722,10.8843,-0.5115,0.5033,2.741,3.9989,-3.3228,11.115,0.909858,0,1698374923,25
-0.3591,0.6596,0.014,-2.3679,-1.7516,1.4997,4.3174,-1.8073,13.1156,2.6601,-0.2865,-1.3593,2.7613,0.2387,6.148,10.6894,-0.6392,1.4023,2.6611,3.4768,-3.3085,10.9006,0.681777,0,1698374923,26
-0.3445,0.8615,-0.0214,-2.7197,-1.9133,1.8801,4.0912,-1.0563,12.3037,3.1211,-0.4708,-1.0953,3.1285,0.2773,6.1249,10.5161,-0.724,2.0529,2.6486,2.9568,-3.372,10.686,0.490097,0,1698374924,27
-0.3299,0.9979,-0.0538,-2.9466,-1.9844,2.1951,3.762,-0.3426,12.3933,3.5628,-0.6251,-0.7974,3.4581,0.3191,6.0952,10.3574,-0.7464,2.4406,2.7717,2.5249,-3.3879,10.4661,0.489058,0,1698374924,28
-0.3161,1.0738,-0.0851,-3.1135,-1.8973,2.4057,3.3419,-0.2658,12.6739,3.9898,-0.7057,-0.3342,3.7465,0.3158,5.9935,10.2162,-0.6836,2.4205,3.0455,2.1563,-3.4086,10.282,0.590717,0,1698374924,29
-0.3021,1.1833,-0.1182,-3.2728,-1.9472,2.7747,2.892,-0.3855,12.6106,4.093,-0.7377,0.3051,3.9816,0.2546,5.8186,10.1154,-0.5028,1.8526,3.4593,1.8892,-3.4514,10.1558,0.680969,0,1698374924,30
-0.2872,1.3009,-0.1516,-3.4031,-2.1837,3.0246,2.3781,-0.7971,12.7667,3.8706,-0.7489,1.0667,4.2127,0.089,5.6686,10.0595,-0.2235,0.8951,3.946,1.7977,-3.4629,10.0623,0.752166,0,1698374924,31
-0.2714,1.3852,-0.1851,-3.483,-2.318,3.0509,1.7624,-1.3034,12.6784,3.7074,-0.7465,1.8551,4.44,-0.1768,5.5713,10.0196,0.0642,-0.1579,4.3845,1.8678,-3.4369,9.9494,0.807483,0,1698374924,32
-0.2546,1.4194,-0.218,-3.5262,-2.4598,2.975,1.1275,-1.653,12.0828,3.5826,-0.7889,2.4223,4.5918,-0.4759,5.5401,9.9833,0.2775,-0.9665,4.7098,2.0401,-3.3728,9.8001,0.850458,0,1698374924,33
-0.2378,1.4575,-0.2499,-3.537,-2.3781,2.7558,0.474,-1.73,11.2743,3.2437,-0.9301,2.6813,4.616,-0.6837,5.5263,9.9355,0.3886,-1.3244,4.9258,2.2389,-3.3325,9.6091,0.883846,0,1698374924,34
-0.221,1.4762,-0.2804,-3.4743,-2.2406,2.4637,-0.2542,-1.6383,10.4448,2.9653,-1.1668,2.695,4.5231,-0.7601,5.4511,9.8231,0.4442,-1.5282,4.9436,2.3997,-3.2829,9.2715,0.90978,0,1698374924,35
-0.2034,1.5087,-0.3089,-3.3559,-2.1619,2.1704,-1.0133,-1.6227,9.6379,2.8145,-1.4673,2.5796,4.3709,-0.7465,5.2837,9.6384,0.4593,-1.2758,4.8688,2.5231,-3.253,8.7918,0.929921,0,1698374924,36
-0.1852,1.6198,-0.3353,-3.2084,-1.8937,1.7713,-1.787,-1.5899,8.6133,2.7404,-1.792,2.5052,4.2015,-0.6464,5.004,9.3571,0.4514,-0.5778,4.8133,2.6007,-3.2372,8.2745,0.9454,0,1698374924,37
-0.167,1.6882,-0.3599,-3.0288,-1.5933,1.2584,-2.5677,-1.5041,7.7776,2.7478,-2.1063,2.5932,4.0376,-0.4772,4.6555,8.9312,0.4904,0.0249,4.7207,2.6414,-3.1736,7.7584,0.956532,0,1698374924,38
-0.1489,1.7135,-0.3827,-2.9026,-1.2561,0.7169,-3.2739,-1.5449,7.2568,2.698,-2.3744,2.838,3.9094,-0.3244,4.2686,8.4331,0.6,0.8415,4.5841,2.706,-3.0697,7.2925,0.948257,0,1698374924,39
-0.131,1.7588,-0.4038,-2.7866,-0.8825,0.1787,-3.8743,-1.6808,6.8515,2.586,-2.5962,3.1312,3.8167,-0.252,3.9001,7.9179,0.7038,1.613,4.4856,2.701,-2.9233,6.7751,0.915415,0,1698374924,40
-0.1129,1.7316,-0.4241,-2.6161,-0.5693,-0.3399,-4.3722,-1.7967,6.4877,2.5279,-2.783,3.3197,3.7438,-0.258,3.5533,7.3859,0.8118,1.9132,4.4338,2.6154,-2.7227,6.2235,0.896512,0,1698374924,41
-0.0956,1.6448,-0.4429,-2.396,-0.3686,-0.8628,-4.7394,-1.8967,6.3573,2.4644,-2.9196,3.3903,3.6761,-0.3009,3.193,6.8955,0.9527,2.0116,4.4285,2.5374,-2.5209,5.7494,0.889423,0,1698374924,42
-0.0807,1.5431,-0.4591,-2.1968,-0.1267,-1.408,-4.9402,-2.0949,6.292,2.3025,-2.9753,3.4605,3.5988,-0.3516,2.8429,6.4777,1.0749,2.1461,4.5693,2.4584,-2.3684,5.3354,0.859779,0,1698374924,42
-0.0676,1.4661,-0.4744,-2.039,0.1106,-1.9541,-4.9769,-2.3347,6.1323,2.0749,-2.9352,3.5891,3.5115,-0.4163,2.5308,6.1433,1.1486,2.5471,4.7536,2.4037,-2.2321,5.0225,0.85113,0,1698374924,43
-0.0566,1.3804,-0.4893,-1.8802,0.1186,-2.4285,-4.863,-2.4829,6.2349,1.7102,-2.8273,3.6678,3.4019,-0.5075,2.2949,5.9159,1.3209,3.0366,4.9206,2.3446,-2.1241,4.7903,0.871073,0,1698374924,44
-0.0472,1.2453,-0.5029,-1.7499,0.0455,-2.8755,-4.605,-2.5895,6.5358,1.335,-2.6881,3.5064,3.2563,-0.6217,2.1436,5.7895,1.3226,3.3393,5.0896,2.2972,-2.0591,4.6445,0.84972,0,1698374924,45
-0.039,1.1207,-0.5151,-1.6608,0.0399,-3.3751,-4.2436,-2.7728,6.7092,1.0131,-2.551,3.001,3.092,-0.7475,2.0759,5.7482,0.9932,3.5719,5.2319,2.2672,-2.0512,4.6322,0.695779,0,1698374924,46
-0.0319,0.9951,-0.5255,-1.5151,-0.0821,-3.7513,-3.8077,-2.7928,6.6972,0.7573,-2.3993,2.2591,3.1315,-0.8802,2.0722,5.8068,0.6684,3.571,5.3296,2.2186,-2.0966,4.724,0.40588,0,1698374924,47
-0.0252,0.9027,-0.5342,-1.3554,-0.291,-4.0648,-3.309,-2.6081,6.7372,0.6715,-2.1946,1.7825,3.1374,-0.9667,2.1225,5.9568,0.3479,3.4272,5.3885,2.2041,-2.1856,4.918,0.103776,0,1698374924,48
-0.0182,0.8625,-0.5409,-1.2,-0.49,-4.3518,-2.7554,-2.3949,6.7451,0.7148,-1.9623,1.5256,2.9069,-0.9845,2.2242,6.1588,0.007,3.3018,5.3968,2.199,-2.29,5.2034,-0.141513,0,1698374924,49
-0.0103,0.8672,-0.5449,-0.9831,-0.7161,-4.4809,-2.1405,-2.1146,6.7135,0.7516,-1.7631,0.9273,2.64,-0.9651,2.3624,6.4045,-0.3166,2.9812,5.3324,2.1739,-2.423,5.5576,-0.333001,0,1698374924,50
-0.0018,0.9124,-0.5459,-0.7482,-0.9692,-4.4696,-1.4916,-1.7588,6.8726,0.6201,-1.6118,0.3706,2.3705,-0.8966,2.5294,6.6926,-0.5902,2.4373,5.1845,2.1634,-2.5781,5.9843,-0.481835,0,1698374924,51
0.0078,0.9643,-0.5447,-0.5233,-1.1531,-4.3969,-0.824,-1.3933,7.0438,0.3376,-1.4977,-0.0252,2.1433,-0.7897,2.7233,6.9781,-0.7924,1.8989,5.1769,2.1877,-2.7517,6.4624,-0.597496,0,1698374924,52
0.0186,0.9897,-0.5412,-0.2608,-1.2661,-4.2126,-0.1989,-1.2108,7.2425,0.1604,-1.4142,-0.5525,1.9403,-0.6666,2.9343,7.2435,-0.9307,1.5711,5.0517,2.2402,-2.9283,6.9525,-0.687356,0,1698374924,53
0.0312,1.0498,-0.5333,0.0636,-1.2124,-4.0456,0.371,-1.0618,7.2175,0.3223,-1.3382,-0.98,1.764,-0.5039,3.1494,7.4937,-1.0058,1.3625,4.6128,2.2765,-3.0692,7.4189,-0.75716,0,1698374924,54
0.0439,1.1458,-0.5212,0.3873,-1.1101,-3.9568,0.8988,-0.7365,6.7987,0.6144,-1.252,-1.1058,1.6509,-0.2994,3.3457,7.7337,-0.9942,1.0828,4.1559,2.2784,-3.1683,7.8398,-0.811379,0,1698374924,55
0.0562,1.194,-0.505,0.7223,-1.1356,-3.6833,1.3259,-0.3048,6.7432,0.5688,-1.1339,-1.0612,1.5766,-0.1062,3.5153,7.9594,-0.9026,0.6875,3.7142,2.2623,-3.2388,8.1974,-0.853493,0,1698374924,56
0.0685,1.194,-0.4847,1.0744,-0.9934,-3.4334,1.6542,-0.1432,7.1827,0.4119,-0.9594,-1.0564,1.5088,0.0458,3.6673,8.1527,-0.7658,0.2484,3.2901,2.2543,-3.2906,8.5139,-0.886203,0,1698374924,57
0.081,1.1994,-0.4625,1.3595,-0.6179,-3.3168,1.87,-0.1572,7.5297,0.4589,-0.7294,-0.9725,1.4748,0.169,3.8003,8.3461,-0.6186,-0.0331,2.8644,2.2757,-3.3068,8.8169,-0.911611,0,1698374924,58
0.094,1.2195,-0.4405,1.5547,-0.1107,-3.2049,1.9413,-0.1913,7.8738,0.5098,-0.4578,-0.8631,1.4688,0.1951,3.9336,8.5778,-0.4847,-0.2287,2.4604,2.2914,-3.3202,9.1076,-0.931346,0,1698374924,58
0.1069,1.1954,-0.4207,1.6258,0.4017,-3.0047,1.8911,-0.3592,8.3683,0.6405,-0.1676,-0.9144,1.4344,0.1323,4.0484,8.8562,-0.3892,-0.3235,2.0836,2.2887,-3.3613,9.3631,-0.946674,0,1698374924,59
0.119,1.1438,-0.4055,1.5239,0.7631,-2.6975,1.7472,-0.5268,8.6724,0.9029,0.1081,-1.0822,1.2901,0.0833,4.1519,9.1694,-0.3491,-0.4261,1.7321,2.2764,-3.4339,9.5607,-0.95858,0,1698374924,60
0.1301,1.0874,-0.3985,1.2112,0.9901,-2.5108,1.5732,-0.3798,9.6287,1.1706,0.3691,-1.29,1.0245,0.101,4.2326,9.526,-0.3623,-0.5638,1.4438,2.2479,-3.5774,9.7276,-0.967828,0,1698374924,61
0.1394,1.0044,-0.4011,0.7548,1.2372,-2.3343,1.3222,-0.0705,10.8325,1.0693,0.6272,-1.4693,0.6956,0.1595,4.2889,9.923,-0.4245,-0.6426,1.2343,2.2376,-3.7612,9.9444,-0.975011,0,1698374924,62
0.1466,0.9102,-0.4108,0.2884,1.4163,-2.0856,0.9117,0.1968,11.6246,0.4,0.8482,-1.5693,0.3796,0.208,4.3877,10.3163,-0.5044,-0.8683,1.0656,2.229,-3.9501,10.2006,-0.98059,0,1698374924,63
0.1528,0.8288,-0.4244,-0.0646,1.3338,-1.901,0.3576,0.2932,12.2323,-0.4353,0.9755,-1.5278,0.1367,0.1651,4.61,10.6491,-0.5272,-1.0691,0.9312,2.2244,-4.1045,10.4203,-0.984919,0,1698374924,64
0.1582,0.7588,-0.4371,-0.2799,1.2655,-1.7567,-0.2262,-0.124,12.3093,-1.0304,0.99,-1.3464,0,-0.0423,4.9228,10.9421,-0.487,-1.2149,0.8012,2.2113,-4.1995,10.6131,-0.987922,0,1698374924,65
0.1623,0.6651,-0.4451,-0.3139,1.3812,-1.3276,-0.7103,-0.7161,12.3752,-0.8696,0.9783,-1.162,-0.0243,-0.4292,5.1938,11.2881,-0.4447,-1.5744,0.6151,2.2016,-4.3137,10.8606,-0.950136,0,1698374924,66
0.1648,0.5445,-0.4446,-0.0906,1.3594,-1.3181,-1.1648,-0.761,12.4406,-0.6022,1.0237,-1.092,-0.0211,-0.9505,5.3656,11.7369,-0.4314,-1.967,0.3776,2.3125,-4.4749,11.1614,-0.811138,0,1698374924,67
0.1649,0.4232,-0.4339,0.294,1.299,-1.534,-1.5902,-0.1065,12.2456,-0.1011,1.093,-1.1937,-0.212,-1.3421,5.4188,12.2259,-0.4731,-2.2728,0.1258,2.5547,-4.7262,11.4127,-0.642927,0,1698374924,68
0.1633,0.2557,-0.4154,0.7802,1.1882,-1.516,-1.9547,0.045,11.7615,1.0868,1.1111,-1.4968,-0.7012,-1.4594,5.3925,12.6364,-0.5626,-2.5257,-0.1337,2.8743,-5.0844,11.5769,-0.549301,0,1698374924,69
0.1587,0.0002,-0.3921,1.2514,1.0791,-1.3682,-2.2105,-0.3977,11.709,1.7462,1.0476,-1.9426,-1.3257,-1.4187,5.3234,12.939,-0.6389,-2.5474,-0.4307,3.2188,-5.4148,11.6459,-0.547965,0,1698374924,70
0.1486,-0.3341,-0.3681,1.4989,1.5552,-0.8043,-2.382,-0.7788,11.8606,2.5876,0.9003,-2.4407,-1.9105,-1.3217,5.215,13.0935,-0.67,-2.3657,-0.7892,3.5473,-5.5995,11.5375,-0.522313,0,1698374924,71
0.1313,-0.6982,-0.349,1.4754,2.0876,-0.5213,-2.6652,-0.676,11.7573,3.7431,0.6461,-2.8735,-2.3895,-1.1589,5.0215,12.991,-0.655,-2.118,-1.2441,3.7819,-5.6935,11.2245,-0.336847,0,1698374924,72
0.1078,-1.122,-0.3407,1.2008,2.5456,-0.4124,-3.0615,-0.4013,12.5719,4.3004,0.3234,-3.2037,-2.7717,-0.952,4.729,12.6467,-0.6007,-1.8771,-1.7823,3.8679,-5.7746,10.8104,-0.067454,0,1698374924,73
0.0817,-1.4756,-0.3423,0.8295,2.8228,-0.1454,-3.5466,-0.3355,13.1328,4.7012,0.0123,-3.3358,-3.0047,-0.772,4.4173,12.1999,-0.5228,-1.5979,-2.3359,3.8452,-5.7729,10.3887,0.170535,0,1698374924,74
0.0542,-1.8007,-0.3461,0.5879,2.2977,-0.0207,-4.0589,0.0989,12.9192,5.0261,-0.1979,-3.078,-3.0374,-0.6432,4.0616,11.7281,-0.464,-1.2208,-2.8689,3.7273,-5.69,10.0115,0.355728,0,1698374924,75
0.0234,-2.2165,-0.3454,0.5463,0.9703,0.0992,-4.1986,0.3016,13.1906,5.1729,-0.2393,-2.5376,-2.963,-0.5889,3.7097,11.3087,-0.46,-0.87,-3.3853,3.4916,-5.6099,9.7094,0.49956,0,1698374924,75
-0.0108,-2.4928,-0.3395,0.6172,-0.2559,0.1046,-3.9339,-0.7287,13.38,4.7799,-0.1436,-1.6621,-2.855,-0.6675,3.4623,10.9885,-0.5021,-0.6231,-3.8766,3.1948,-5.596,9.4866,0.611071,0,1698374924,76
-0.0472,-2.7034,-0.3302,0.7214,-0.749,-0.0378,-3.6047,-1.5338,13.0866,3.8552,0.0049,-0.7553,-2.743,-0.8975,3.3175,10.7262,-0.5962,-0.3495,-4.3188,2.9144,-5.6676,9.3546,0.697288,0,1698374924,77
-0.089,-2.9965,-0.3168,0.8693,-0.6395,-0.3683,-3.464,-1.7548,12.5976,3.4723,0.1466,-0.2103,-2.6833,-1.2124,3.2402,10.5148,-0.7451,0.0948,-4.7006,2.6569,-5.7574,9.3272,0.76422,0,1698374924,78
-0.1316,-3.25,-0.3019,1.0183,-0.5527,-0.7597,-3.2269,-2.0111,12.1381,3.688,0.2866,0.0408,-2.7315,-1.5428,3.1727,10.3828,-0.9247,0.6641,-5.0295,2.3729,-5.7937,9.3624,0.815912,0,1698374924,79
-0.1695,-3.4016,-0.2875,1.1408,-0.7349,-0.9213,-2.6465,-1.8182,11.7011,3.7634,0.4839,-0.0419,-2.9146,-1.831,3.1019,10.314,-1.094,1.0747,-5.2944,2.0567,-5.769,9.4129,0.849229,0,1698374924,80
-0.204,-3.3993,-0.272,1.2664,-0.6669,-1.1568,-1.9486,-1.6827,11.1275,3.7963,0.7564,-0.4376,-3.2069,-1.977,3.0367,10.2694,-1.1991,1.23,-5.495,1.7875,-5.7527,9.4684,0.77785,0,1698374924,81
-0.2345,-3.2919,-0.2556,1.4111,-0.447,-1.3355,-1.1516,-1.5433,10.6421,3.7708,1.0533,-0.97,-3.5259,-1.9427,3.0024,10.2417,-1.2083,1.2211,-5.6551,1.5977,-5.7874,9.4859,0.543336,0,1698374924,82
-0.2612,-3.1038,-0.2401,1.526,-0.0938,-1.3021,-0.3375,-1.1017,10.0414,3.6096,1.324,-1.45,-3.7933,-1.788,3.0441,10.1943,-1.0859,1.1366,-5.7709,1.4772,-5.8077,9.4578,0.247037,0,1698374924,83
-0.2836,-2.8371,-0.2248,1.6201,0.2708,-0.92,0.4312,-0.416,9.2536,3.4438,1.5308,-1.799,-3.9678,-1.535,3.1292,10.0679,-0.8101,1.0386,-5.8268,1.3949,-5.739,9.3678,0.202276,0,1698374924,84
-0.3039,-2.62,-0.2081,1.7038,0.5626,-0.797,1.1502,0.1505,8.6745,3.284,1.6463,-1.9447,-4.0539,-1.2166,3.1747,9.8468,-0.4093,0.9642,-5.8148,1.3379,-5.5864,9.1777,0.379621,0,1698374924,85
-0.3254,-2.4722,-0.189,1.8121,0.8693,-0.8012,1.8594,0.3988,8.1868,3.0949,1.6662,-1.8875,-4.0866,-0.8779,3.1697,9.5227,0.0647,0.9388,-5.7552,1.307,-5.3637,8.9009,0.518133,0,1698374924,86
-0.3475,-2.353,-0.17,1.9249,1.0428,-0.3664,2.5279,0.6864,7.9319,2.7861,1.6117,-1.6837,-4.1053,-0.5627,3.1426,9.0895,0.5821,0.9174,-5.6706,1.3089,-5.0729,8.5442,0.62572,0,1698374924,87
-0.368,-2.2639,-0.1523,2.0084,0.961,0.0821,3.1145,1.0006,8.0189,2.4941,1.4893,-1.3456,-4.1581,-0.2817,3.0851,8.5707,1.1288,0.9152,-5.5597,1.3497,-4.7192,8.1477,0.709285,0,1698374924,88
-0.3883,-2.1824,-0.1335,2.0596,0.9393,0.4364,3.6417,1.0413,8.1103,2.2435,1.3124,-0.9015,-4.2665,-0.0358,2.9857,8.0218,1.6566,0.9655,-5.4386,1.4065,-4.3416,7.7344,0.774193,0,1698374924,89
-0.4087,-2.1226,-0.1138,2.0098,0.9608,0.7576,4.0639,1.0234,7.9765,2.1766,1.117,-0.3043,-4.4324,0.1393,2.8652,7.5204,2.1193,1.1495,-5.3292,1.4383,-3.9563,7.2902,0.824609,0,1698374924,90
-0.4294,-2.1416,-0.0944,1.9845,0.8948,1.0932,4.3272,1.1552,7.7462,2.242,0.915,0.3675,-4.6508,0.2501,2.7326,7.0809,2.5103,1.2523,-5.2255,1.4374,-3.5745,6.8473,0.863769,0,1698374924,91
-0.4481,-2.153,-0.0756,2.0295,0.7746,1.3785,4.4507,1.322,7.5878,2.296,0.7257,1.1569,-4.8861,0.3156,2.6085,6.708,2.7816,1.1344,-5.1117,1.4506,-3.2208,6.4384,0.894185,0,1698374924,92
-0.4648,-2.1029,-0.057,2.0533,0.5601,1.6803,4.4367,1.6178,7.5429,2.2749,0.5659,1.9439,-5.1072,0.3381,2.5089,6.4299,2.8449,0.9841,-4.9492,1.4576,-2.9136,6.0452,0.91781,0,1698374924,92
-0.4806,-1.9838,-0.0388,2.006,0.2956,1.9828,4.292,1.8913,7.5476,2.2625,0.435,2.3975,-5.2976,0.3265,2.4454,6.2374,2.6597,0.8384,-4.7454,1.4598,-2.6914,5.6961,0.936161,0,1698374924,93
-0.4948,-1.8542,-0.0216,1.9014,0.1966,2.3678,4.0134,2.1976,7.7089,2.1325,0.3605,2.6195,-5.4328,0.3031,2.4346,6.1587,2.308,0.8163,-4.6101,1.5033,-2.519,5.4448,0.950414,0,1698374924,94
-0.5076,-1.7577,-0.0059,1.7896,0.032,2.8347,3.8584,2.4602,7.7583,1.987,0.3581,2.768,-5.4449,0.283,2.4566,6.1956,1.8779,0.3911,-4.5417,1.5798,-2.3916,5.3108,0.961485,0,1698374924,95
-0.5189,-1.6173,0.0077,1.6494,-0.3371,3.2519,3.5949,2.5726,7.8653,1.9913,0.4056,2.6525,-5.3384,0.2762,2.4812,6.3243,1.4655,-0.4318,-4.4928,1.6828,-2.3591,5.3208,0.970085,0,1698374924,96
-0.5285,-1.4328,0.0188,1.49,-0.6604,3.6586,2.9939,2.6763,8.2548,1.8436,0.4877,2.3318,-5.1713,0.3067,2.5316,6.5496,1.1631,-0.5964,-4.4471,1.8173,-2.3892,5.4107,0.976764,0,1698374924,97
-0.5356,-1.2438,0.0278,1.3223,-1.0112,4.0316,2.3712,2.6197,8.4509,1.7179,0.5932,2.0435,-4.9401,0.3556,2.6087,6.8227,0.9384,-0.1915,-4.3469,1.9177,-2.4637,5.5313,0.981952,0,1698374924,98
-0.54,-1.026,0.0357,1.1713,-1.3723,4.3768,1.7639,2.4745,8.4442,1.4202,0.7033,1.7267,-4.6582,0.4219,2.6991,7.1187,0.7187,0.1672,-4.2094,1.9693,-2.5787,5.7166,0.985981,0,1698374924,99
-0.5419,-0.801,0.0431,1.0787,-1.7806,4.6559,1.2138,2.332,8.6004,0.983,0.7922,1.415,-4.3481,0.5054,2.8147,7.4296,0.4782,0.3198,-4.0873,2.027,-2.6982,5.9145,0.989111,0,1698374924,0
-0.5416,-0.5987,0.05,1.0085,-2.1199,4.8054,0.7269,1.9899,8.6213,0.662,0.8315,1.1345,-4.0331,0.5869,2.9478,7.7404,0.2087,0.2406,-3.9907,2.062,-2.8229,6.1271,0.991542,0,1698374924,1
-0.5388,-0.37,0.0578,0.9806,-2.3383,5.1235,0.2601,1.5074,8.4239,0.3083,0.8176,0.9439,-3.7024,0.6488,3.0469,8.0245,-0.0722,-0.0485,-3.9038,2.0968,-2.9197,6.3261,0.993431,0,1698374924,2
-0.532,-0.1018,0.0667,0.9996,-2.5378,5.3467,-0.2508,1.0661,8.268,-0.0168,0.7736,0.9783,-3.3228,0.6576,3.0966,8.2751,-0.3023,-0.3753,-3.82,2.2081,-3.0422,6.5521,0.994897,0,1698374924,3
-0.5197,0.2641,0.0769,1.0576,-2.7021,5.1638,-0.7925,0.4966,7.8991,-0.1451,0.7114,1.0382,-2.9035,0.6044,3.1353,8.5176,-0.4921,-0.5618,-3.7047,2.3643,-3.2598,6.873,0.996037,0,1698374924,4
-0.5026,0.6634,0.0886,1.1478,-2.4615,4.8429,-1.3181,-0.155,7.3704,-0.0483,0.6332,0.7745,-2.5242,0.4897,3.1562,8.7316,-0.5841,-0.5661,-3.5828,2.5445,-3.5036,7.2243,0.996922,0,1698374924,5
-0.4815,1.0298,0.102,1.2126,-1.6032,4.4461,-1.7791,-0.7706,7.3775,0.0028,0.54,0.2826,-2.1128,0.3537,3.1508,8.9203,-0.613,-0.7364,-3.5341,2.6373,-3.6941,7.528,0.997609,0,1698374924,6
-0.4563,1.3391,0.1177,1.2588,0.5391,3.7498,-2.2018,-1.3656,7.113,0.6933,0.528,0.1635,-1.2457,0.1552,3.184,9.401,-0.5573,-1.0266,-3.3098,2.6001,-4.0341,7.9924,0.998143,0,1698374924,7
-0.4278,1.427,0.1369,1.3035,1.2865,3.5929,-2.1954,-1.3119,7.389,0.778,0.5777,0.0602,-0.8002,-0.003,3.1874,9.7243,-0.5052,-1.3105,-2.9931,2.6004,-4.1582,8.2259,0.998557,0,1698374924,8
-0.4089,1.2783,0.1543,1.3192,1.7051,3.2852,-2.0396,-1.4507,8.2723,0.8525,0.6563,-0.1564,-0.3945,-0.1747,3.1999,10.0706,-0.4554,-1.728,-2.5477,2.6722,-4.2846,8.4459,0.99888,0,1698374924,9
-0.405,0.9926,0.1663,1.2909,1.8335,2.9712,-1.6987,-1.7193,9.8028,0.5919,0.7719,-0.3723,-0.0538,-0.334,3.2847,10.4211,-0.421,-2.1843,-1.9759,2.8731,-4.3996,8.6952,0.99913,0,1698374924,10
-0.4076,0.6648,0.1765,1.2228,1.9314,2.6685,-1.2738,-1.924,10.7082,0.1724,0.9094,-0.5656,0.2117,-0.4687,3.4363,10.7682,-0.3772,-2.583,-1.2975,3.1586,-4.4897,8.9973,0.999324,0,1698374924,11
-0.4139,0.3733,0.1839,1.089,2.0126,2.3618,-0.7817,-1.9015,11.3278,-0.3699,1.0051,-0.818,0.3957,-0.5792,3.6367,11.091,-0.2827,-2.7265,-0.6248,3.4655,-4.607,9.3234,0.999475,0,1698374924,12
-0.4217,0.1366,0.1892,0.9661,2.0552,2.1066,-0.2326,-1.6263,11.7316,-0.9946,0.9994,-1.1419,0.5489,-0.6455,3.8458,11.3337,-0.1769,-2.5636,-0.0733,3.6948,-4.758,9.6566,0.999592,0,1698374924,13
-0.4287,-0.0467,0.1935,0.8487,1.8813,1.9995,0.2656,-1.0833,12.034,-1.4977,0.902,-1.5716,0.7573,-0.6789,4.0531,11.5345,-0.1331,-2.1678,0.315,3.7276,-4.9204,10.0295,0.999683,0,1698374924,14
-0.4324,-0.0739,0.1962,0.6736,1.6123,1.8967,0.7429,-0.6151,13.1246,-1.7692,0.8222,-2.0289,1.019,-0.6802,4.2323,11.7618,-0.1826,-1.6686,0.6072,3.5737,-5.053,10.4883,0.999754,0,1698374924,15
-0.4309,0.0477,0.1967,0.5037,1.6395,1.8024,1.1792,-0.5114,13.9677,-1.4579,0.8368,-2.3653,1.2938,-0.6072,4.3859,11.9889,-0.3003,-1.488,0.882,3.3737,-5.1365,10.9669,0.999809,0,1698374924,16
-0.4231,0.242,0.1953,0.3163,1.2115,1.9516,1.484,-0.3406,14.23,-0.8593,0.9096,-2.5423,1.5498,-0.4815,4.6432,12.1843,-0.4181,-1.8206,1.2291,3.302,-5.1604,11.4236,0.999852,0,1698374924,17
-0.4101,0.5373,0.1902,0.0202,1.0316,1.6465,1.7983,-0.5666,14.5743,0.012,0.9771,-2.5289,1.7836,-0.3622,5.0175,12.317,-0.467,-2.4173,1.6539,3.3887,-5.062,11.777,0.999885,0,1698374924,17
-0.3947,0.8214,0.1787,-0.3899,1.3018,1.2595,2.1438,-1.105,13.8553,1.4138,0.9717,-2.3438,1.9669,-0.1846,5.3695,12.3531,-0.4147,-2.8944,2.1406,3.601,-4.9534,11.9494,0.99991,0,1698374924,18
-0.3816,0.8751,0.1596,-0.8743,0.5896,1.6117,2.3458,-0.9211,13.3214,2.4599,0.8669,-2.0177,2.1238,-0.0228,5.6605,12.248,-0.2743,-3.011,2.5996,3.8731,-4.8148,11.9528,0.99993,0,1698374924,19
-0.3775,0.6526,0.1343,-1.3941,0.5204,1.379,2.748,-1.3821,13.5649,3.4632,0.6756,-1.6724,2.3232,-0.0028,5.9162,11.9784,-0.1193,-2.765,2.8837,4.0772,-4.5033,11.8013,0.999946,0,1698374924,20
-0.3827,0.3259,0.1063,-1.8553,1.2805,0.7177,3.4789,-2.3158,13.2223,4.3711,0.4281,-1.3453,2.5667,-0.0618,6.0742,11.6167,-0.021,-2.2032,2.9731,4.1616,-4.1172,11.5249,0.999958,0,1698374925,21
-0.3902,0.1084,0.0774,-2.1974,1.075,0.8892,4.1062,-2.0246,12.6519,4.279,0.1907,-0.9524,2.8411,-0.1704,6.1314,11.2596,-0.012,-1.3425,2.913,4.0979,-3.7342,11.1802,0.999967,0,1698374925,22
-0.3921,0.1231,0.0473,-2.4974,-0.7796,1.4809,4.3967,-1.0992,13.2446,3.7307,0.0029,-0.5816,3.1471,-0.3462,6.0888,10.9624,-0.1183,-0.2435,2.7675,3.833,-3.4293,10.8294,0.999947,0,1698374925,23
-0.3855,0.2971,0.0149,-2.8292,-2.4417,1.7538,4.3632,-1.0374,13.6776,3.6311,-0.1438,-0.3379,3.4341,-0.4864,5.9805,10.7407,-0.316,0.7856,2.6085,3.3869,-3.3316,10.5294,0.996824,0,1698374925,24
-0.3741,0.4973,-0.0205,-3.0891,-2.5252,1.9411,4.1216,-1.2917,12.7677,3.9964,-0.262,-0.2423,3.652,-0.5002,5.8686,10.5843,-0.5488,1.4775,2.502,2.8632,-3.4196,10.3114,0.982768,0,1698374925,25
-0.3609,0.6966,-0.057,-3.3024,-2.296,2.1667,3.962,-0.7101,12.4274,4.2467,-0.3504,-0.249,3.8536,-0.4343,5.767,10.4895,-0.7432,1.8207,2.5053,2.3354,-3.5765,10.1856,0.967905,0,1698374925,26
-0.3476,0.8344,-0.0933,-3.4581,-2.1538,2.2277,3.7597,-0.2391,12.9489,4.4144,-0.3739,-0.2602,4.0955,-0.3851,5.6785,10.4337,-0.8448,1.8563,2.6929,1.8872,-3.7346,10.1365,0.960167,0,1698374925,27
-0.3352,0.8976,-0.1288,-3.5089,-2.126,2.3416,3.2983,-0.3284,13.3478,4.4855,-0.3078,-0.1428,4.3762,-0.4066,5.6095,10.4338,-0.8351,1.5099,3.1206,1.6102,-3.8281,10.1641,0.956129,0,1698374925,28
-0.322,0.9862,-0.1651,-3.5773,-2.1828,2.4019,2.7508,-0.5537,13.2153,4.4101,-0.1874,0.3029,4.6939,-0.5026,5.5954,10.4904,-0.7236,0.7584,3.7042,1.5145,-3.8269,10.2516,0.949088,0,1698374925,29
-0.3071,1.0929,-0.2001,-3.6096,-2.1187,2.2723,2.098,-0.9258,12.859,4.2393,-0.0803,1.2056,5.0208,-0.7023,5.6729,10.5574,-0.5407,-0.2803,4.2632,1.5385,-3.7961,10.3155,0.947645,0,1698374925,30
-0.2912,1.2167,-0.232,-3.5765,-1.8985,2.0192,1.3974,-1.4205,12.1693,3.8573,-0.0593,1.9578,5.2705,-0.9801,5.8053,10.5916,-0.3279,-1.4561,4.6642,1.6478,-3.7871,10.3112,0.958088,0,1698374925,31
-0.2742,1.3616,-0.2624,-3.5195,-1.609,1.595,0.6249,-1.7065,11.5698,3.3395,-0.181,2.151,5.3656,-1.2317,5.8566,10.5729,-0.1302,-2.3523,4.8682,1.8176,-3.8017,10.2084,0.967223,0,1698374925,32
-0.2562,1.4741,-0.2911,-3.4532,-1.2001,1.1036,-0.1523,-1.9531,10.9445,3.0081,-0.4452,2.0445,5.2962,-1.3696,5.7622,10.4895,0.0302,-2.688,4.9304,2.0431,-3.842,9.9543,0.880518,0,1698374925,33
-0.2388,1.6001,-0.316,-3.2933,-0.9072,0.687,-0.9367,-1.9989,10.1619,2.7352,-0.7944,1.7905,5.1103,-1.3455,5.5491,10.3317,0.1488,-2.5984,4.8858,2.2998,-3.8684,9.5471,0.682657,0,1698374925,34
-0.2212,1.6827,-0.3392,-3.0632,-0.643,0.2202,-1.7462,-1.8554,9.4348,2.5677,-1.1764,1.5114,4.8696,-1.2159,5.2259,10.0597,0.2554,-2.0057,4.7583,2.5536,-3.8542,9.0555,0.492103,0,1698374925,35
-0.2017,1.6832,-0.3624,-2.8906,-0.2478,-0.2778,-2.4832,-1.7456,8.6431,2.5693,-1.5651,1.2316,4.6562,-1.0708,4.834,9.6643,0.3646,-1.1532,4.6005,2.7506,-3.7638,8.4807,0.343546,0,1698374925,36
-0.1811,1.742,-0.3844,-2.7748,0.1836,-0.818,-3.1128,-1.6926,8.1811,2.5331,-1.8961,1.1617,4.4768,-0.9189,4.4134,9.1796,0.4477,-0.4468,4.4634,2.8319,-3.6246,7.8539,0.227488,0,1698374925,37
-0.159,1.8788,-0.4058,-2.6027,0.5213,-1.3075,-3.6214,-1.7779,7.8605,2.4579,-2.1241,1.334,4.3128,-0.7819,3.949,8.6287,0.5199,0.2408,4.3722,2.8667,-3.4735,7.2608,0.139313,0,1698374925,38
-0.1373,1.982,-0.425,-2.4449,0.5202,-1.5838,-4.0173,-1.7463,7.7295,2.1221,-2.2638,1.5472,4.1751,-0.7565,3.5429,8.0685,0.6016,0.9896,4.3296,2.8762,-3.2679,6.731,0.080453,0,1698374925,39
-0.1179,1.9958,-0.4421,-2.3547,0.3796,-1.8461,-4.2788,-1.7528,7.6848,1.8907,-2.3433,1.6854,3.9975,-0.7848,3.1953,7.5331,0.7042,1.8542,4.3194,2.8407,-3.0556,6.2727,-0.021939,0,1698374925,40
-0.0985,1.9735,-0.4592,-2.2317,0.3889,-2.2594,-4.3941,-1.9305,7.5225,1.8943,-2.3726,1.7886,3.7334,-0.7919,2.8645,7.0291,0.8462,2.4081,4.3201,2.7677,-2.8778,5.8704,-0.198897,0,1698374925,41
-0.0799,1.9076,-0.4764,-2.143,0.6687,-2.745,-4.372,-2.1471,7.2949,1.8161,-2.3579,2.0323,3.4064,-0.7883,2.577,6.5956,1.0127,2.5742,4.3513,2.7036,-2.7221,5.5545,-0.361789,0,1698374925,42
-0.062,1.8572,-0.4925,-2.0143,0.7609,-3.1144,-4.2177,-2.2399,7.0032,1.625,-2.3235,2.2779,3.0484,-0.7871,2.3339,6.2541,1.1906,2.716,4.4309,2.6733,-2.5969,5.3244,-0.480968,0,1698374925,43
-0.0455,1.8565,-0.5066,-1.8312,0.5282,-3.4261,-3.9708,-2.2118,6.6778,1.4308,-2.2729,2.2573,2.6383,-0.7939,2.162,6.0041,1.3492,2.6983,4.5362,2.6636,-2.5044,5.1438,-0.58186,0,1698374925,44
-0.0304,1.7978,-0.5193,-1.6946,0.3449,-3.8301,-3.67,-2.3036,6.4217,1.4042,-2.2209,2.1202,2.2533,-0.7535,2.0656,5.8297,1.4801,2.4434,4.6197,2.6986,-2.4257,5.016,-0.668361,0,1698374925,45
-0.0162,1.6982,-0.5304,-1.5506,0.0756,-4.2215,-3.3418,-2.3316,6.395,1.355,-2.1318,1.9755,1.9721,-0.6815,2.0249,5.7474,1.5689,2.0962,4.6496,2.772,-2.3391,4.9639,-0.73679,0,1698374925,46
-0.0047,1.5321,-0.5394,-1.3711,-0.2947,-4.5825,-2.9812,-2.2017,6.5584,1.2115,-1.9741,1.7326,1.7554,-0.5804,2.0318,5.7837,1.5519,1.836,4.626,2.8627,-2.2718,4.9851,-0.791064,0,1698374925,47
0.0038,1.3409,-0.5457,-1.1882,-0.6266,-4.9755,-2.5954,-2.1309,6.6538,1.0848,-1.797,1.3898,1.5522,-0.4548,2.1077,5.9119,1.4253,1.7276,4.5539,2.9521,-2.2528,5.0834,-0.833699,0,1698374925,48
0.0103,1.1644,-0.5496,-0.9942,-0.8835,-5.3932,-2.2071,-2.1883,6.5488,1.0831,-1.633,0.9752,1.3415,-0.307,2.2198,6.1042,1.2469,1.8053,4.4247,3.0262,-2.2719,5.2661,-0.866304,0,1698374925,49
0.0149,0.9862,-0.5517,-0.7947,-1.2288,-5.727,-1.8314,-2.1806,6.5635,0.9294,-1.4588,0.5134,1.1633,-0.1628,2.3617,6.3393,1.0282,1.8861,4.2152,3.0775,-2.3089,5.5053,-0.891365,0,1698374925,50
0.0188,0.8473,-0.5514,-0.5686,-1.5712,-5.8891,-1.4433,-2.1152,6.7408,0.708,-1.2493,0.0508,1.0804,-0.0425,2.5209,6.5915,0.7629,1.8355,3.917,3.1179,-2.3412,5.7926,-0.911922,0,1698374925,50
0.0231,0.7679,-0.5478,-0.2765,-2.0749,-6.056,-1.0668,-2.0462,6.692,0.7357,-1.0048,-0.3768,1.079,0.0674,2.6886,6.8571,0.4818,1.7528,3.5422,3.1808,-2.387,6.1299,-0.929508,0,1698374925,51
0.0286,0.7358,-0.5393,0.0448,-2.4695,-6.2171,-0.7054,-1.6129,6.4304,0.7865,-0.7595,-0.8136,1.1589,0.1502,2.9116,7.1433,0.2081,1.7269,3.1165,3.2602,-2.4467,6.4914,-0.944554,0,1698374925,52
0.035,0.7448,-0.5257,0.3698,-2.303,-6.286,-0.2653,-1.1036,6.1698,0.8525,-0.5672,-1.4291,1.3232,0.188,3.1861,7.4257,-0.0564,1.7766,2.6741,3.3007,-2.5054,6.8499,-0.956869,0,1698374925,53
0.043,0.7961,-0.5068,0.7243,-1.7664,-6.2441,0.2462,-0.8508,5.8206,0.8968,-0.4452,-2.1236,1.5334,0.1904,3.4573,7.6858,-0.2849,1.8008,2.2402,3.272,-2.5916,7.2107,-0.966496,0,1698374925,54
0.0539,0.8857,-0.4829,1.0663,-1.0786,-6.0342,0.778,-0.6715,5.6247,0.7767,-0.3785,-2.7005,1.7641,0.1824,3.6984,7.9222,-0.4386,1.6977,1.8214,3.1792,-2.6901,7.5933,-0.973976,0,1698374925,55
0.0664,1.0296,-0.4582,1.3549,-0.3927,-5.6949,1.2525,-0.4195,5.6583,0.5488,-0.3523,-3.1989,1.9441,0.1769,3.9122,8.158,-0.5179,1.4582,1.3998,3.0392,-2.7746,8.0083,-0.979787,0,1698374925,56
0.0809,1.1873,-0.4336,1.6404,0.3762,-5.3384,1.5802,0.0085,5.9715,0.4618,-0.3413,-3.5375,2.0166,0.1898,4.1007,8.406,-0.5419,1.1001,0.9726,2.8781,-2.8619,8.4344,-0.9843,0,1698374925,57
0.0978,1.3242,-0.4098,1.8376,1.2162,-5.0461,1.7588,0.3808,6.8891,0.6061,-0.3276,-3.826,1.9331,0.2322,4.2816,8.6851,-0.5615,0.7819,0.5513,2.716,-2.9292,8.8485,-0.987805,0,1698374925,58
0.1147,1.4014,-0.3899,1.8026,1.8312,-4.6964,1.8584,0.6705,8.2128,0.9401,-0.3179,-4.0577,1.7107,0.3313,4.4504,9.0186,-0.6133,0.6123,0.1687,2.5819,-2.979,9.2538,-0.990528,0,1698374925,59
0.1299,1.3915,-0.3776,1.5415,2.2117,-4.2118,1.882,1.0035,9.9645,0.9678,-0.3171,-4.1185,1.3572,0.5169,4.5379,9.3856,-0.663,0.3382,-0.1012,2.4462,-3.1287,9.6597,-0.992643,0,1698374925,60
0.143,1.3163,-0.3753,1.1412,2.2849,-3.6862,1.7308,1.2632,11.8644,0.6536,-0.3259,-3.9935,0.8654,0.8032,4.5683,9.7731,-0.6751,-0.3451,-0.2393,2.2905,-3.3668,10.0081,-0.994285,0,1698374925,61
0.1535,1.2217,-0.3813,0.6947,1.9821,-3.128,1.3952,1.5294,13.1351,0.3096,-0.3421,-3.6254,0.3487,1.1453,4.6116,10.1729,-0.6402,-0.9371,-0.275,2.2161,-3.6011,10.3178,-0.995561,0,1698374925,62
0.1616,1.1005,-0.393,0.2334,1.654,-2.6262,0.9163,1.5607,13.7766,-0.2337,-0.3683,-3.0455,-0.0807,1.4033,4.7551,10.5404,-0.5594,-1.1363,-0.2311,2.2855,-3.7624,10.5888,-0.996552,0,1698374925,63
0.1667,0.9402,-0.4062,-0.1723,1.2534,-2.1981,0.3663,1.2238,14.1032,-0.8802,-0.4356,-2.3318,-0.416,1.4695,4.9762,10.828,-0.443,-1.3514,-0.1885,2.3991,-3.8568,10.8065,-0.997292,0,1698374925,64
0.1684,0.7695,-0.4179,-0.4156,0.8179,-1.8835,-0.1871,0.8626,14.2869,-1.4414,-0.5167,-1.5976,-0.6449,1.2852,5.1513,11.1264,-0.3577,-1.6856,-0.25,2.503,-4.0171,11.0371,-0.994089,0,1698374925,65
0.1689,0.6008,-0.4248,-0.3796,0.6509,-1.8829,-0.7506,0.268,14.8013,-1.8485,-0.5168,-0.9506,-0.7664,0.8697,5.254,11.578,-0.3613,-2.0261,-0.3957,2.6452,-4.2642,11.3105,-0.980027,0,1698374925,66
0.1689,0.4656,-0.422,-0.1003,0.8314,-1.9795,-1.1381,-0.7831,14.1789,-1.168,-0.4358,-0.4924,-0.9401,0.4251,5.2637,12.1016,-0.4561,-2.3408,-0.532,2.8495,-4.5433,11.5419,-0.958578,0,1698374925,67
0.1685,0.327,-0.4106,0.2974,0.9997,-1.9114,-1.3445,-1.4601,12.5758,0.3027,-0.3388,-0.2584,-1.3263,0.1514,5.213,12.5616,-0.6073,-2.5597,-0.6258,3.1528,-4.8472,11.6652,-0.944505,0,1698374925,68
0.1661,0.1531,-0.392,0.7559,1.6204,-1.7793,-1.688,-1.6125,11.1454,1.4373,-0.2729,-0.2257,-1.9153,0.0617,5.141,12.9038,-0.7469,-2.5312,-0.6962,3.499,-5.1672,11.6864,-0.816538,0,1698374925,69
0.1591,-0.0654,-0.3693,1.1603,2.3727,-1.5224,-1.9548,-1.5008,9.9755,2.5222,-0.2217,-0.4245,-2.538,0.0295,5.0185,13.0812,-0.817,-2.3429,-0.8011,3.7703,-5.4265,11.5353,-0.504079,0,1698374925,70
0.1463,-0.3717,-0.3479,1.3893,2.6954,-1.2394,-2.0522,-1.0992,10.1608,3.3893,-0.1734,-0.7953,-3.0396,0.0133,4.8052,13.0402,-0.7743,-2.0782,-1.0054,3.915,-5.5931,11.2012,-0.169559,0,1698374925,71
0.1286,-0.7309,-0.3333,1.3274,3.4889,-1.1277,-2.3144,-1.2739,10.2927,4.3011,-0.1478,-1.1976,-3.3909,0.0614,4.4936,12.7616,-0.6457,-1.8555,-1.2986,3.9494,-5.6947,10.7449,0.091464,0,1698374925,72
0.1069,-1.0954,-0.3281,1.0686,3.8913,-0.8851,-2.8308,-1.1509,10.733,4.9516,-0.116,-1.5262,-3.5734,0.1083,4.1527,12.3229,-0.5509,-1.801,-1.621,3.9234,-5.6926,10.2861,0.294313,0,1698374925,73
0.0831,-1.463,-0.3278,0.8273,3.598,-0.7316,-3.3947,-0.6432,11.5377,5.2998,-0.0453,-1.6127,-3.5839,0.1098,3.7922,11.8533,-0.5804,-1.6794,-1.9566,3.8206,-5.5654,9.9245,0.451872,0,1698374925,74
0.056,-1.8249,-0.3262,0.7351,3.4562,-0.9668,-3.8957,-0.3791,12.056,5.3855,0.0992,-1.3995,-3.4626,0.0169,3.4697,11.4203,-0.726,-1.4554,-2.317,3.6035,-5.407,9.6443,0.574253,0,1698374925,75
0.0235,-2.1273,-0.3196,0.7811,3.3205,-1.1444,-4.054,-0.1627,10.8523,5.4526,0.3161,-0.974,-3.3146,-0.2018,3.2527,11.0483,-0.932,-1.261,-2.6839,3.3367,-5.3334,9.421,0.669309,0,1698374925,76
-0.0137,-2.4533,-0.3084,0.9225,2.7473,-1.1673,-3.8829,-0.0975,8.8702,5.6768,0.5673,-0.4629,-3.2193,-0.4732,3.111,10.7467,-1.1764,-0.9694,-3.0012,3.0875,-5.3952,9.2772,0.74313,0,1698374925,77
-0.0527,-2.7379,-0.2948,1.077,1.8342,-1.2422,-3.6562,-0.2845,9.0652,5.3197,0.8332,-0.0573,-3.1887,-0.7909,3.0414,10.5208,-1.4556,-0.4395,-3.2766,2.8715,-5.5228,9.2091,0.707597,0,1698374925,78
-0.0901,-2.8926,-0.2807,1.1567,1.2971,-1.4368,-3.3243,-0.9498,9.6676,4.9533,1.1019,0.0974,-3.2323,-1.0767,3.0151,10.3867,-1.7638,0.3368,-3.5289,2.681,-5.6123,9.2094,0.478414,0,1698374925,79
-0.1261,-3.0202,-0.2664,1.2301,0.7138,-1.489,-2.9496,-1.1793,9.7452,4.786,1.3413,-0.0039,-3.3582,-1.2394,3.0142,10.3523,-2.0908,1.1324,-3.7351,2.4678,-5.6361,9.2591,0.175435,0,1698374925,80
-0.1602,-3.1287,-0.2516,1.3223,-0.0427,-1.3106,-2.4482,-0.7583,9.6981,4.5208,1.5247,-0.2863,-3.5761,-1.2839,3.0295,10.3906,-2.373,1.6063,-3.9055,2.2007,-5.6022,9.2976,-0.081266,0,1698374925,81
-0.1938,-3.1451,-0.2361,1.4306,-0.3678,-1.2572,-1.78,-0.4794,9.5247,4.4894,1.6816,-0.6002,-3.8331,-1.2127,3.0676,10.4491,-2.547,1.6327,-4.0566,1.9394,-5.5494,9.3052,-0.285955,0,1698374925,82
-0.2239,-3.0848,-0.2206,1.4936,-0.3348,-1.2745,-1.0131,-0.3625,9.0786,4.6013,1.8341,-0.8474,-4.0439,-1.0462,3.1499,10.4684,-2.5919,1.3558,-4.1953,1.7315,-5.5261,9.2813,-0.445178,0,1698374925,83
-0.2507,-2.985,-0.2043,1.5458,-0.2027,-1.1141,-0.1924,-0.0923,8.6393,4.4011,1.9458,-1.094,-4.1496,-0.8233,3.2629,10.3925,-2.4955,1.0231,-4.3157,1.5798,-5.5045,9.2144,-0.5689,0,1698374925,83
-0.2783,-2.8963,-0.1867,1.6099,-0.0532,-0.7868,0.6419,0.1376,8.1383,3.9961,1.9866,-1.3137,-4.1278,-0.5593,3.3719,10.1823,-2.2646,0.8158,-4.4153,1.4912,-5.4075,9.0866,-0.664558,0,1698374925,84
-0.3045,-2.8788,-0.1687,1.645,0.0637,-0.3612,1.4723,0.2956,7.688,3.6539,1.9696,-1.3778,-4.0026,-0.2487,3.4458,9.8413,-1.949,0.6974,-4.4926,1.4434,-5.2293,8.8756,-0.715865,0,1698374925,85
-0.3294,-2.7904,-0.1501,1.681,0.1623,0.1125,2.2426,0.5377,7.293,3.5001,1.9053,-1.2145,-3.7971,0.0763,3.4626,9.3821,-1.5632,0.5824,-4.5433,1.4178,-4.9973,8.5999,-0.546428,0,1698374925,86
-0.3546,-2.6778,-0.1303,1.729,0.3121,0.524,2.9491,0.8293,6.9237,3.4239,1.8102,-0.7604,-3.5523,0.3789,3.4016,8.8386,-1.1093,0.5775,-4.5537,1.4137,-4.7252,8.2672,-0.214627,0,1698374925,87
-0.3781,-2.5839,-0.1109,1.7557,0.4404,0.9415,3.5874,1.0843,6.7052,3.3856,1.7134,-0.0754,-3.3153,0.6452,3.293,8.2636,-0.6341,0.6913,-4.5166,1.433,-4.3943,7.8799,0.056564,0,1698374925,88
-0.4007,-2.5116,-0.0927,1.755,0.471,1.4218,4.0968,1.3562,6.7139,3.3262,1.6219,0.5981,-3.1005,0.8607,3.1648,7.7042,-0.1712,0.8666,-4.4171,1.4517,-4.0238,7.4767,0.267205,0,1698374925,89
-0.4225,-2.4676,-0.076,1.7473,0.3644,1.8639,4.5487,1.4139,6.902,3.41,1.5577,1.3088,-2.926,1.0269,3.0177,7.1996,0.2915,1.1834,-4.2699,1.4496,-3.652,7.0801,0.430816,0,1698374925,90
-0.443,-2.4047,-0.0619,1.6666,0.1947,2.3121,4.8801,1.3738,7.2296,3.452,1.5266,2.0576,-2.7854,1.124,2.8754,6.7893,0.7301,1.3852,-4.0737,1.4015,-3.312,6.6989,0.557898,0,1698374925,91
-0.4615,-2.3186,-0.05,1.5507,0.0288,2.7931,5.0045,1.5631,7.563,3.2439,1.5263,2.7253,-2.6634,1.1609,2.7528,6.4716,1.1219,1.2632,-3.8149,1.3377,-3.027,6.3439,0.656606,0,1698374925,92
-0.4784,-2.1995,-0.0396,1.4201,-0.2203,3.3253,5.0194,1.8487,7.568,2.9424,1.5687,3.3973,-2.5592,1.1465,2.6594,6.2335,1.4177,1.2222,-3.5669,1.2873,-2.7441,6.0709,0.733276,0,1698374925,93
-0.4947,-2.0718,-0.0301,1.2789,-0.4827,3.8469,4.9108,2.165,7.6873,2.5589,1.6501,4.0446,-2.4672,1.0496,2.6187,6.1179,1.5086,0.7012,-3.2235,1.2223,-2.5303,5.8749,0.792828,0,1698374925,94
-0.5092,-1.9294,-0.0223,1.1602,-0.6167,4.246,4.6338,2.376,7.8714,2.2831,1.7254,4.4297,-2.3813,0.878,2.6293,6.1242,1.4769,-0.6137,-2.8323,1.2407,-2.41,5.7355,0.839083,0,1698374925,95
-0.5222,-1.7673,-0.0155,1.046,-0.7659,4.6498,4.2006,2.464,7.9893,1.9872,1.7659,4.5218,-2.2881,0.6954,2.6651,6.2172,1.4676,-1.4798,-2.5336,1.4138,-2.3504,5.6972,0.875011,0,1698374925,96
-0.5331,-1.5951,-0.009,0.976,-1.0284,5.1211,3.6493,2.492,8.0942,1.5624,1.8016,4.572,-2.1817,0.5297,2.7314,6.3881,1.5022,-1.4206,-2.2539,1.6386,-2.3945,5.7573,0.902917,0,1698374925,97
-0.5416,-1.4093,-0.0022,0.9361,-1.2178,5.4956,3.0464,2.3261,8.0736,1.2112,1.8098,4.4482,-2.0896,0.3844,2.8275,6.64,1.5222,-1.0405,-1.9889,1.8575,-2.521,5.8657,0.924593,0,1698374925,98
-0.5478,-1.2185,0.0057,0.9222,-1.3351,5.7295,2.4,1.9917,7.9603,0.8453,1.7829,4.1808,-1.99,0.2858,2.9398,6.9266,1.4704,-0.9174,-1.841,2.0866,-2.6665,5.9953,0.941429,0,1698374925,99
-0.5513,-1.0123,0.0154,0.9349,-1.3333,5.8498,1.7982,1.3808,7.7665,0.3564,1.6989,3.8197,-1.8359,0.2003,3.0536,7.2248,1.3314,-1.2573,-1.8821,2.2962,-2.7619,6.0883,0.954506,0,1698374925,0
-0.5511,-0.7676,0.027,0.994,-1.2041,5.8239,1.2473,0.7245,7.691,0.1327,1.5485,3.4182,-1.6574,0.1428,3.1654,7.5099,1.1032,-1.8545,-2.1049,2.5033,-2.8486,6.0942,0.964664,0,1698374925,1
-0.548,-0.4923,0.0397,1.0562,-1.1506,5.6964,0.6898,0.3623,7.7746,0.0488,1.3686,3.1438,-1.4898,0.0967,3.2608,7.7813,0.8433,-2.0132,-2.3342,2.7256,-3.0198,6.1447,0.972553,0,1698374925,2
-0.5423,-0.1811,0.0536,1.079,-1.1985,5.4534,0.1443,0.102,7.8994,-0.2655,1.142,2.8932,-1.3332,0.0305,3.3101,8.0555,0.5554,-1.6244,-2.45,2.9258,-3.2558,6.2992,0.978681,0,1698374925,3
-0.532,0.1323,0.0676,1.173,-1.234,5.1521,-0.4046,-0.1303,7.9322,-0.3971,0.8679,2.6083,-1.1571,-0.0207,3.323,8.3163,0.3428,-1.0787,-2.6952,3.111,-3.4572,6.4753,0.983441,0,1698374925,4
-0.5164,0.497,0.0813,1.2695,-1.1798,4.9036,-0.923,-0.4364,7.9285,-0.3921,0.5937,2.3477,-0.9444,-0.065,3.2926,8.5555,0.2024,-0.6931,-3.0833,3.1913,-3.6522,6.6415,0.987138,0,1698374925,5
-0.4976,0.8769,0.0947,1.2956,-1.0934,4.7456,-1.3402,-0.6014,7.962,-0.4144,0.3654,2.1717,-0.7136,-0.1216,3.2265,8.7755,0.0865,-0.3655,-3.389,3.1715,-3.8744,6.8374,0.99001,0,1698374925,6
-0.4766,1.2017,0.1079,1.3097,-0.9691,4.5708,-1.6506,-0.6935,8.5316,-0.1792,0.1982,2.0163,-0.4891,-0.2024,3.1667,9.0076,0.0264,0.044,-3.4364,3.1067,-4.081,7.0339,0.99224,0,1698374925,7
-0.4545,1.4616,0.1208,1.275,-0.5744,4.2689,-1.8772,-0.935,9.023,0.1019,0.0744,1.7507,-0.3301,-0.3128,3.1359,9.2373,-0.04,0.2795,-3.2482,3.0308,-4.2473,7.2245,0.993973,0,1698374925,8
-0.4338,1.5901,0.1329,1.2304,-0.0684,4.048,-1.9458,-0.8848,9.0979,0.0836,-0.0124,1.3723,-0.2083,-0.4509,3.1345,9.4691,-0.0412,0.2885,-2.8899,3.0383,-4.3709,7.4736,0.995319,0,1698374925,9
-0.4169,1.5161,0.1439,1.2034,0.5036,3.7452,-1.8815,-0.7621,8.7976,0.4338,-0.0373,0.9957,-0.1035,-0.5942,3.1767,9.7321,0.0183,0.2367,-2.3738,3.1382,-4.4687,7.7398,0.996364,0,1698374925,10
-0.4069,1.2829,0.1535,1.1382,0.8619,3.3703,-1.7353,-0.8899,8.8803,1.0695,0.0142,0.6717,-0.0468,-0.7056,3.256,10.0058,0.0364,-0.0779,-1.7394,3.3249,-4.5624,8.0318,0.997176,0,1698374925,11
-0.404,0.9967,0.1613,1.0393,0.87,3.0867,-1.4777,-1.2354,9.8337,1.1576,0.1291,0.4617,0.0041,-0.7819,3.3766,10.2912,0.019,-0.6589,-1.0396,3.5979,-4.6603,8.3794,0.997806,0,1698374925,12
-0.4062,0.6912,0.1684,0.9272,0.9606,2.7813,-1.1421,-1.7184,10.2567,0.7836,0.2764,0.3302,0.0538,-0.8399,3.554,10.5684,-0.0363,-1.2184,-0.3853,3.9054,-4.751,8.7232,0.998296,0,1698374925,13
-0.4123,0.3848,0.1749,0.8048,1.0575,2.5457,-0.7698,-1.935,10.4234,0.1973,0.3796,0.0201,0.0899,-0.8969,3.7511,10.8211,-0.1926,-1.745,0.1272,4.1352,-4.8704,9.0519,0.998676,0,1698374925,14
-0.4197,0.1695,0.179,0.6711,1.1812,2.1774,-0.0555,-1.2516,11.5254,-0.8331,0.3838,-0.9115,0.315,-0.9927,4.1912,11.3057,-0.6954,-1.8131,0.5041,4.1326,-5.2615,9.8518,0.998972,0,1698374925,15
-0.4244,0.0836,0.1811,0.5492,1.3447,1.9608,0.2582,-0.8957,11.8022,-0.7011,0.4248,-1.385,0.568,-1.0293,4.4168,11.5951,-0.9483,-1.6931,0.5147,3.8396,-5.4296,10.3955,0.999202,0,1698374925,16
-0.4242,0.1354,0.1817,0.425,1.1427,1.8863,0.5752,-0.7123,12.4908,-0.3316,0.5443,-1.8533,0.8702,-1.0248,4.677,11.899,-1.0544,-1.8061,0.6498,3.5842,-5.5867,10.9359,0.99938,0,1698374925,17
-0.418,0.2902,0.1811,0.3105,0.6927,1.9187,0.8581,-0.8491,13.3218,0.251,0.7114,-2.1863,1.1859,-0.9603,5.039,12.1489,-0.9774,-2.026,0.9602,3.569,-5.682,11.43,0.999518,0,1698374926,17
-0.4063,0.4838,0.1775,0.1396,0.7164,1.7897,1.0548,-1.1794,12.2161,1.7574,0.847,-2.3623,1.4847,-0.8801,5.445,12.3059,-0.7966,-2.3569,1.3615,3.7052,-5.6315,11.7771,0.999625,0,1698374926,18
-0.3925,0.6566,0.1655,-0.1926,1.2495,1.4363,1.2902,-1.3384,10.0973,3.4936,0.886,-2.39,1.7143,-0.7568,5.7606,12.3161,-0.5633,-2.6276,1.8087,3.9147,-5.5251,11.9479,0.999708,0,1698374926,19
-0.3828,0.6238,0.1449,-0.6733,1.0501,1.2752,1.6785,-1.2387,9.8321,5.0958,0.8148,-2.2487,1.8884,-0.5675,5.9643,12.1412,-0.3139,-2.5865,2.248,4.0894,-5.3725,11.9226,0.999773,0,1698374926,20
-0.3812,0.4114,0.121,-1.1318,0.6864,1.0197,2.3729,-2.0387,11.134,5.5654,0.6556,-2.0205,2.0603,-0.4237,6.1473,11.8086,-0.058,-2.1958,2.5143,4.1928,-5.0396,11.6899,0.999823,0,1698374926,21
-0.3854,0.2023,0.0947,-1.5222,0.9237,0.7343,3.225,-2.8723,11.901,4.8039,0.4466,-1.6686,2.2568,-0.3615,6.2855,11.4095,0.1357,-1.5958,2.5516,4.202,-4.5835,11.3215,0.999862,0,1698374926,22
-0.3888,0.129,0.0657,-1.8982,0.9359,0.5254,3.9244,-2.7966,11.6438,4.3714,0.2307,-1.2878,2.4828,-0.4053,6.3536,11.0339,0.1804,-0.8229,2.4169,4.0905,-4.0838,10.8929,0.999893,0,1698374926,23
-0.3858,0.2644,0.035,-2.2333,0.2261,0.2405,4.1744,-2.1855,10.7246,4.4118,0.0263,-1.0952,2.7554,-0.5284,6.3364,10.7377,0.0533,0.1268,2.2066,3.8123,-3.6899,10.4953,0.999902,0,1698374926,24
-0.3757,0.5369,0.0016,-2.6202,-0.4999,0.0762,3.9605,-1.1144,9.9793,4.537,-0.1674,-1.1501,3.0728,-0.6141,6.2319,10.5295,-0.1818,1.0263,2.0134,3.377,-3.5373,10.1956,0.897054,0,1698374926,25
-0.3622,0.7703,-0.0342,-2.9471,-0.5065,-0.1127,3.669,-0.575,9.9393,4.5279,-0.3332,-1.3095,3.3671,-0.5946,6.0818,10.3756,-0.4386,1.8009,1.9239,2.8807,-3.574,9.974,0.594144,0,1698374926,26
-0.3476,0.9395,-0.0709,-3.1438,-0.7042,0.0431,3.354,-0.3916,10.3163,4.5887,-0.4278,-1.2748,3.6119,-0.5083,5.9238,10.267,-0.6457,2.4161,2.0146,2.4184,-3.6833,9.8452,0.238451,0,1698374926,27
-0.3343,1.0689,-0.1068,-3.2438,-1.1236,0.3413,3.025,-0.2748,11.1594,4.6274,-0.4358,-1.0067,3.8174,-0.4665,5.7885,10.2003,-0.7375,2.71,2.327,2.0747,-3.7893,9.8136,-0.038055,0,1698374926,28
-0.3217,1.1082,-0.1418,-3.3045,-1.3582,0.377,2.6475,-0.5178,11.8593,4.6807,-0.378,-0.6067,3.9804,-0.508,5.6922,10.1712,-0.6938,2.4993,2.8356,1.918,-3.8173,9.8532,-0.252829,0,1698374926,29
-0.3085,1.1673,-0.1761,-3.3768,-1.6555,0.4362,2.1294,-0.8384,12.0233,4.3976,-0.2957,-0.1196,4.1181,-0.6527,5.6928,10.1916,-0.5073,1.6761,3.3976,1.9318,-3.7611,9.9272,-0.41965,0,1698374926,30
-0.2945,1.3208,-0.209,-3.3905,-1.9426,0.4234,1.4738,-1.1435,12.0114,3.8519,-0.2308,0.4419,4.2514,-0.8801,5.782,10.2312,-0.2133,0.2621,3.8614,2.0129,-3.7222,9.9468,-0.549225,0,1698374926,31
-0.279,1.4025,-0.2405,-3.297,-1.9057,0.1527,0.7482,-1.4909,11.6591,3.4462,-0.2487,0.959,4.3354,-1.1326,5.8911,10.2615,0.1292,-1.2598,4.1527,2.1614,-3.7396,9.8773,-0.649793,0,1698374926,32
-0.2624,1.4562,-0.2706,-3.1342,-1.7603,-0.1121,-0.0046,-1.691,10.8725,3.1549,-0.4074,1.2235,4.2899,-1.3149,5.9254,10.2583,0.4541,-2.2501,4.2425,2.3705,-3.8081,9.7182,-0.631926,0,1698374926,33
-0.2451,1.5785,-0.2989,-2.9559,-1.5247,-0.426,-0.793,-1.6959,10.1279,2.8955,-0.696,1.2645,4.1173,-1.3736,5.8239,10.1852,0.6859,-2.6231,4.1223,2.6129,-3.8641,9.4621,-0.522303,0,1698374926,34
-0.2273,1.6574,-0.3249,-2.8494,-1.3076,-0.7533,-1.5877,-1.5239,9.4693,2.6975,-1.0642,1.1923,3.8716,-1.3216,5.5984,10.0555,0.8149,-2.5037,3.8457,2.8674,-3.8757,9.0935,-0.436431,0,1698374926,35
-0.2065,1.7089,-0.3515,-2.841,-1.0869,-1.1064,-2.3397,-1.4408,9.0305,2.5816,-1.4797,1.0084,3.5972,-1.1791,5.2655,9.8299,0.8674,-1.8861,3.5388,3.0402,-3.8476,8.593,-0.369464,0,1698374926,36
-0.185,1.7812,-0.3754,-2.7233,-0.7733,-1.4438,-3.0311,-1.4435,8.6768,2.4483,-1.8876,0.7804,3.3151,-0.9859,4.8755,9.4799,0.8647,-0.8695,3.2749,3.0836,-3.749,8.0106,-0.318587,0,1698374926,37
-0.1657,1.8595,-0.3956,-2.5636,-0.481,-1.7245,-3.6491,-1.3736,8.2629,2.398,-2.2522,0.6246,3.0696,-0.7802,4.4646,9.0413,0.8566,0.2133,2.9915,2.9954,-3.5469,7.3823,-0.279178,0,1698374926,38
-0.1459,1.8746,-0.4146,-2.4324,-0.0956,-2.1335,-4.1394,-1.4587,7.9395,2.4666,-2.5916,0.5794,2.8772,-0.6001,4.0406,8.5242,0.8333,1.5341,2.7858,2.9098,-3.3706,6.8649,-0.289184,0,1698374926,39
-0.1256,1.8292,-0.4322,-2.3301,0.2626,-2.5304,-4.4597,-1.6318,7.6375,2.3211,-2.8655,0.621,2.7192,-0.471,3.5974,7.9515,0.7828,2.9657,2.6551,2.8711,-3.2484,6.4558,-0.387322,0,1698374926,40
-0.1061,1.7989,-0.45,-2.2115,0.4335,-2.8131,-4.6326,-1.7803,7.3564,2.0818,-3.0297,0.7564,2.5845,-0.4072,3.172,7.3832,0.7597,3.3882,2.6149,2.7435,-3.077,5.9932,-0.515471,0,1698374926,41
-0.0875,1.8215,-0.4672,-2.1044,0.3481,-2.9782,-4.6953,-1.7602,7.1042,1.9081,-3.0984,0.9698,2.4348,-0.3863,2.8191,6.8653,0.8117,2.7227,2.7183,2.5642,-2.8651,5.5448,-0.618711,0,1698374926,42
-0.0688,1.8023,-0.4845,-2.0551,0.2127,-3.1831,-4.6614,-1.7021,6.8024,1.8543,-3.0861,1.2541,2.2367,-0.3575,2.5244,6.4157,0.9373,2.3448,2.8753,2.4779,-2.6507,5.2054,-0.700413,0,1698374926,43
-0.0516,1.7323,-0.5011,-1.925,0.151,-3.5331,-4.5354,-1.8588,6.571,1.8554,-3.0093,1.4603,1.9873,-0.3298,2.2805,6.0647,1.1252,2.4312,3.1021,2.4458,-2.4992,4.9795,-0.76434,0,1698374926,44
-0.0374,1.6603,-0.5151,-1.7956,0.0281,-3.8723,-4.3071,-2.1085,6.5486,1.61,-2.8857,1.4697,1.7263,-0.2973,2.0993,5.8089,1.3053,2.6314,3.3413,2.4217,-2.3887,4.8582,-0.813311,0,1698374926,45
-0.0258,1.5266,-0.5274,-1.6638,-0.1373,-4.1776,-3.984,-2.2321,6.4925,1.3978,-2.7275,1.3824,1.4674,-0.2355,1.9902,5.6425,1.3599,3.0024,3.5765,2.4113,-2.3134,4.8431,-0.849386,0,1698374926,46
-0.0158,1.372,-0.5385,-1.5137,-0.3314,-4.5169,-3.6087,-2.2084,6.4214,1.4107,-2.5322,1.3137,1.2015,-0.1765,1.9711,5.5948,1.3068,3.1628,3.7737,2.3845,-2.2973,4.8993,-0.876883,0,1698374926,47
-0.0079,1.2193,-0.5476,-1.3732,-0.5315,-4.8589,-3.2038,-2.1606,6.4728,1.3411,-2.3097,1.1939,0.9404,-0.1141,2.0309,5.6609,1.2145,3.018,3.8357,2.3567,-2.3001,5.0282,-0.899393,0,1698374926,48
-0.0025,1.0621,-0.5545,-1.1965,-0.7551,-5.1202,-2.77,-2.0497,6.5108,1.1843,-2.0807,0.9586,0.7061,-0.059,2.1428,5.8256,1.113,2.8221,3.7791,2.3528,-2.3375,5.2481,-0.917772,0,1698374926,49
0.0014,0.9174,-0.559,-0.9988,-0.9962,-5.3548,-2.2857,-1.9933,6.944,1.0319,-1.85,0.4681,0.4951,-0.0284,2.2963,6.0772,0.989,2.8923,3.6677,2.3928,-2.4232,5.5434,-0.933064,0,1698374926,50
0.0055,0.8088,-0.5603,-0.7934,-1.1638,-5.4824,-1.7782,-1.951,7.3325,0.6055,-1.6085,-0.1284,0.3057,0.0073,2.4976,6.4229,0.833,3.0645,3.5216,2.4513,-2.5235,5.8891,-0.945912,0,1698374926,50
0.0105,0.7696,-0.5594,-0.5767,-1.294,-5.4171,-1.3108,-1.7084,7.4419,0.1012,-1.3776,-0.6412,0.2011,0.0685,2.728,6.7994,0.6573,3.205,3.3578,2.5105,-2.6503,6.2784,-0.956814,0,1698374926,51
0.0169,0.8013,-0.5559,-0.3298,-1.7317,-5.2087,-0.8659,-1.3101,7.6527,-0.1392,-1.1837,-1.071,0.1975,0.1481,2.9595,7.1319,0.4816,3.2563,3.1522,2.5388,-2.7966,6.6764,-0.966022,0,1698374926,52
0.0254,0.8957,-0.5483,-0.0237,-2.214,-4.8943,-0.4113,-1.062,7.9386,-0.2552,-1.0118,-1.3998,0.2339,0.2449,3.1883,7.4468,0.3324,3.0907,2.8808,2.5415,-2.933,7.0676,-0.973441,0,1698374926,53
0.0363,1.0294,-0.5349,0.3327,-2.3023,-4.5095,0.0228,-0.78,7.833,-0.4038,-0.8757,-1.6611,0.2809,0.4008,3.4085,7.7438,0.2403,2.8248,2.5525,2.5262,-3.041,7.4768,-0.979289,0,1698374926,54
0.0501,1.1476,-0.514,0.7753,-1.9431,-4.0742,0.4733,-0.3979,7.3201,-0.192,-0.787,-1.7533,0.3728,0.5778,3.6098,8.0068,0.1969,2.6005,2.2054,2.4706,-3.1041,7.8489,-0.983836,0,1698374926,55
0.0648,1.2292,-0.4877,1.2937,-1.3607,-3.8657,0.923,-0.1078,6.7978,0.2394,-0.7241,-1.7337,0.526,0.6776,3.8067,8.2133,0.1718,2.4023,1.8642,2.3813,-3.1205,8.1516,-0.987132,0,1698374926,56
0.0801,1.3122,-0.4595,1.7371,-0.6663,-3.8809,1.2833,0.0331,6.643,0.4661,-0.6668,-1.8088,0.685,0.6656,4.0027,8.3776,0.1565,2.0669,1.5421,2.2685,-3.1215,8.4553,-0.988563,0,1698374926,57
0.0962,1.4174,-0.4307,2.0552,0.1883,-3.8272,1.5393,-0.0216,7.0324,0.6512,-0.5966,-1.8629,0.7872,0.5792,4.1918,8.5906,0.1404,1.601,1.251,2.1696,-3.1324,8.7936,-0.989945,0,1698374926,58
0.1114,1.4511,-0.4039,2.2456,1.003,-3.7207,1.6793,-0.1857,7.9703,0.7399,-0.5038,-1.8206,0.7763,0.4462,4.3491,8.8733,0.1201,0.975,0.9823,2.0885,-3.1756,9.1363,-0.99219,0,1698374926,59
0.1261,1.4307,-0.3815,2.1829,1.45,-3.4581,1.7481,-0.3359,9.1697,0.8027,-0.4138,-1.8712,0.611,0.3706,4.4441,9.1875,0.09,0.1171,0.702,2.0253,-3.2846,9.4642,-0.993934,0,1698374926,60
0.139,1.3906,-0.3675,1.8601,1.8116,-2.9219,1.7639,-0.2523,10.5676,0.6697,-0.3132,-1.9744,0.313,0.4349,4.4908,9.5385,0.035,-0.781,0.475,1.9865,-3.4876,9.7997,-0.995288,0,1698374926,61
0.1489,1.2914,-0.3651,1.3583,2.038,-2.4133,1.6067,0.0138,12.0907,0.4322,-0.1559,-2.0699,-0.0462,0.5794,4.5146,9.9514,-0.0392,-1.1692,0.3736,1.9781,-3.738,10.1465,-0.99634,0,1698374926,62
0.1566,1.1721,-0.3719,0.7727,1.8295,-1.9577,1.2545,0.5357,13.1014,0.2167,0.0286,-2.1015,-0.3986,0.7692,4.5477,10.3726,-0.1293,-1.164,0.3033,1.9948,-3.9689,10.4541,-0.997119,0,1698374926,63
0.162,1.0133,-0.384,0.2864,1.5185,-1.4369,0.7073,0.9784,13.918,-0.2206,0.2051,-1.9846,-0.6825,0.8909,4.7007,10.7458,-0.2265,-1.3218,0.2547,2.0265,-4.1546,10.7241,-0.991697,0,1698374926,64
0.1646,0.8002,-0.3981,-0.0443,1.2002,-0.9463,0.0284,1.0336,14.3742,-0.5878,0.3388,-1.7267,-0.8442,0.8243,4.9574,11.1489,-0.3241,-1.5637,0.1676,2.0667,-4.3251,11.05,-0.914915,0,1698374926,65
0.1647,0.608,-0.4102,-0.2187,1.1319,-0.7688,-0.654,1.3211,14.3752,-0.6108,0.4247,-1.3944,-0.905,0.6052,5.1595,11.6163,-0.4,-1.8206,0.0036,2.1334,-4.5438,11.459,-0.639421,0,1698374926,66
0.1643,0.4707,-0.4148,-0.1506,0.1082,-0.1692,-1.1398,1.4463,14.7288,0.2753,0.5068,-1.057,-0.9514,0.3218,5.2868,12.1242,-0.4214,-2.1992,-0.1255,2.2958,-4.8618,11.8042,-0.313918,0,1698374926,67
0.1639,0.3387,-0.4082,0.1314,-1.0746,0.4338,-1.4702,0.8331,15.128,1.0319,0.6047,-0.7881,-1.0531,0.0398,5.3782,12.6777,-0.4355,-2.6926,-0.2275,2.5632,-5.2218,12.0368,-0.084771,0,1698374926,68
0.1609,0.1536,-0.3938,0.5118,-0.6793,0.3738,-1.726,0.2422,14.7237,1.3409,0.6832,-0.6661,-1.2429,-0.1815,5.4534,13.1859,-0.495,-3.0886,-0.3433,2.8975,-5.5135,12.1857,0.127244,0,1698374926,69
0.1534,-0.1013,-0.3764,0.8279,0.1671,0.6715,-1.9085,0.1165,13.4605,2.2741,0.6931,-0.6754,-1.5019,-0.2768,5.4571,13.5291,-0.583,-3.3059,-0.5288,3.2151,-5.7473,12.1703,0.316783,0,1698374926,70
0.1404,-0.469,-0.3581,1.0464,0.8919,1.2112,-2.1968,0.2233,12.8298,3.1615,0.6292,-0.7294,-1.7661,-0.2655,5.2982,13.6556,-0.6309,-3.438,-0.827,3.41,-5.9612,11.9374,0.469115,0,1698374926,71
0.1217,-0.8688,-0.3431,1.0714,1.5009,1.6407,-2.5895,0.3525,12.2845,3.7939,0.4926,-0.8549,-1.9279,-0.2311,4.9907,13.5312,-0.5931,-3.5014,-1.2061,3.4839,-6.1354,11.5081,0.587644,0,1698374926,72
0.0983,-1.2021,-0.3369,0.8585,2.0464,1.8319,-2.9047,0.1167,12.2101,3.9467,0.3406,-1.0163,-1.9667,-0.2327,4.5802,13.1187,-0.4734,-3.4919,-1.6173,3.4632,-6.2094,10.9609,0.679711,0,1698374926,73
0.0722,-1.521,-0.3371,0.6426,2.24,1.9574,-3.2144,-0.5431,12.5636,3.5952,0.2395,-1.0062,-1.9107,-0.3178,4.1411,12.4944,-0.325,-3.378,-2.0356,3.3422,-6.1216,10.4292,0.751222,0,1698374926,74
0.0461,-1.8218,-0.3366,0.5693,2.3792,1.8479,-3.6227,-0.8898,12.3651,3.0916,0.1925,-0.7733,-1.7462,-0.5393,3.7301,11.8202,-0.2081,-3.1131,-2.4525,3.142,-5.8994,9.9553,0.806767,0,1698374926,75
0.0165,-2.0541,-0.3301,0.7085,2.2045,1.4142,-3.7789,-0.5198,10.9513,2.8388,0.2105,-0.4246,-1.5528,-0.8978,3.3862,11.175,-0.1369,-2.673,-2.8428,2.9323,-5.6576,9.5401,0.84991,0,1698374926,76
-0.018,-2.2303,-0.3163,0.9166,1.8907,0.7689,-3.6112,-0.063,9.1908,3.1671,0.2978,-0.1069,-1.4486,-1.2771,3.1311,10.5939,-0.1293,-2.1121,-3.1775,2.7584,-5.5115,9.1966,0.883421,0,1698374926,77
-0.0518,-2.3865,-0.2986,1.1285,2.004,0.0214,-3.176,-0.7326,8.8799,3.5988,0.444,-0.0322,-1.4896,-1.585,2.9268,10.0958,-0.1949,-1.4405,-3.463,2.6036,-5.4584,8.9519,0.909449,0,1698374926,78
-0.0839,-2.4725,-0.2803,1.3516,1.9821,-0.5192,-2.5899,-1.8103,8.895,3.8695,0.6522,-0.1898,-1.6517,-1.8036,2.7807,9.7311,-0.3244,-0.7227,-3.7274,2.4323,-5.4233,8.814,0.929613,0,1698374926,79
-0.115,-2.5661,-0.2637,1.4799,1.6889,-0.968,-2.1202,-1.9944,9.3309,3.8335,0.9213,-0.4878,-1.8731,-1.9261,2.7167,9.5221,-0.5024,-0.1687,-3.9677,2.2671,-5.3292,8.7373,0.945275,0,1698374926,80
-0.1448,-2.6264,-0.2474,1.5001,1.3078,-1.3652,-1.6412,-1.7602,9.8037,3.696,1.2197,-0.8632,-2.144,-1.9475,2.7597,9.4405,-0.6867,0.1458,-4.1551,2.168,-5.1567,8.7098,0.926823,0,1698374926,81
-0.1731,-2.6654,-0.2313,1.5222,0.9905,-1.6405,-1.0526,-1.5741,9.8662,3.7434,1.4942,-1.2043,-2.4549,-1.8588,2.8706,9.4618,-0.8359,0.2273,-4.282,2.1335,-5.0152,8.696,0.713444,0,1698374926,82
-0.1995,-2.7978,-0.2169,1.5313,0.9682,-1.787,-0.4165,-1.3298,9.9171,3.6263,1.7141,-1.4147,-2.7612,-1.6958,3.0091,9.5393,-0.9168,0.1321,-4.3567,2.1348,-4.9535,8.6684,0.36744,0,1698374926,83
-0.2254,-2.893,-0.2019,1.4955,1.1494,-1.7943,0.2292,-0.8546,9.6822,3.4044,1.8441,-1.5559,-3.0195,-1.4765,3.1662,9.6048,-0.9063,0.0325,-4.4011,2.1729,-4.9234,8.6336,0.093054,0,1698374926,83
-0.2535,-2.8258,-0.1851,1.4615,1.0481,-1.6602,0.8373,-0.3049,9.264,3.2427,1.8658,-1.6537,-3.2014,-1.1984,3.3122,9.5911,-0.8104,0.0592,-4.4441,2.2541,-4.8917,8.5654,-0.115425,0,1698374926,84
-0.283,-2.7136,-0.1685,1.4687,0.9073,-1.4197,1.4323,0.1192,8.8788,3.1425,1.8068,-1.6129,-3.312,-0.8905,3.4099,9.4537,-0.6397,0.2742,-4.509,2.3501,-4.8193,8.429,-0.231809,0,1698374926,85
-0.31,-2.7017,-0.1526,1.5369,0.6266,-1.0155,2.0062,0.5619,8.4965,2.9185,1.7141,-1.4857,-3.3605,-0.5671,3.4312,9.1789,-0.4116,0.6133,-4.6106,2.4281,-4.6719,8.2151,-0.115969,0,1698374926,86
-0.3352,-2.6557,-0.1369,1.5869,0.2398,-0.4869,2.5473,0.9416,8.2652,2.6675,1.6387,-1.2166,-3.3631,-0.2235,3.3994,8.7965,-0.1381,0.9253,-4.7415,2.4529,-4.4615,7.9669,0.133096,0,1698374926,87
-0.36,-2.5351,-0.1211,1.6329,0.0826,0.2126,3.0588,1.1358,8.0394,2.6155,1.5869,-0.7552,-3.343,0.0956,3.313,8.3806,0.191,1.1004,-4.8806,2.4248,-4.2205,7.6956,0.326585,0,1698374926,88
-0.3837,-2.46,-0.1055,1.6716,0.1616,0.7465,3.4953,1.2291,7.7619,2.7842,1.5357,-0.2128,-3.3317,0.3653,3.172,7.9602,0.5592,1.29,-4.981,2.3768,-3.9708,7.3782,0.476918,0,1698374926,89
-0.4057,-2.3869,-0.0902,1.6497,0.3115,0.9261,3.8327,1.3008,7.51,2.9585,1.4609,0.269,-3.3647,0.582,3.0174,7.5522,0.9363,1.4944,-5.0232,2.293,-3.6815,7.0202,0.593706,0,1698374926,90
-0.4259,-2.304,-0.075,1.5769,0.3539,1.1235,4.0768,1.3896,7.3381,2.879,1.3721,0.7122,-3.4576,0.7113,2.8631,7.2077,1.225,1.7792,-5.0321,2.151,-3.3583,6.6242,0.684419,0,1698374926,91
-0.4439,-2.184,-0.0607,1.52,0.328,1.4864,4.194,1.5188,7.2148,2.5654,1.2879,1.1843,-3.6064,0.7516,2.7449,6.9361,1.3751,1.7116,-4.9615,2.0067,-3.0772,6.2849,0.754879,0,1698374926,92
-0.4599,-2.0077,-0.0473,1.5307,0.2968,1.7982,4.1802,1.4814,7.3897,2.3064,1.2002,1.6175,-3.7911,0.7263,2.6816,6.7479,1.4712,1.2569,-4.7967,1.8898,-2.8572,6.0288,0.809607,0,1698374926,93
-0.4744,-1.8797,-0.0335,1.5608,0.3143,1.9841,4.0715,1.3795,7.5077,2.1739,1.1015,1.994,-3.9703,0.6619,2.6381,6.6408,1.5254,1.098,-4.6142,1.8102,-2.6924,5.8283,0.852117,0,1698374926,94
-0.488,-1.7614,-0.019,1.5706,0.3057,2.1822,3.8694,1.5221,7.4224,1.944,1.0069,2.2694,-4.1232,0.5748,2.6174,6.5992,1.5317,1.0043,-4.4835,1.7741,-2.5936,5.6889,0.885135,0,1698374926,95
-0.4999,-1.6172,-0.0044,1.5391,0.1593,2.3974,3.5719,1.7187,7.3911,1.774,0.9241,2.3351,-4.2308,0.4745,2.6369,6.6413,1.4906,0.8541,-4.3811,1.7436,-2.5805,5.6364,0.910781,0,1698374926,96
-0.51,-1.48,0.0102,1.5309,0.0652,2.631,3.2215,1.7011,7.5946,1.6329,0.8555,2.1619,-4.2658,0.4063,2.6859,6.7552,1.3948,0.6539,-4.3007,1.7429,-2.6039,5.6638,0.930701,0,1698374926,97
-0.5175,-1.3171,0.0249,1.5586,0.0305,2.8585,2.8283,1.4314,7.9159,1.3645,0.8133,1.967,-4.2291,0.403,2.7582,6.9105,1.247,0.3134,-4.2315,1.7993,-2.6216,5.7225,0.946173,0,1698374926,98
-0.522,-1.117,0.0396,1.5346,-0.0732,3.1315,2.3593,1.2241,8.1316,0.9914,0.795,1.8692,-4.1128,0.4226,2.8473,7.1123,1.0701,-0.124,-4.1496,1.903,-2.6538,5.8136,0.958191,0,1698374926,99
-0.524,-0.8998,0.0554,1.5138,-0.1895,3.3376,1.8458,1.1598,8.2999,0.7064,0.7552,1.6288,-3.9237,0.4437,2.9242,7.3423,0.8985,-0.422,-4.0127,2.0525,-2.7157,5.9567,0.967526,0,1698374926,0
-0.5236,-0.6589,0.0719,1.5286,-0.3677,3.4917,1.332,1.1574,8.51,0.5965,0.6962,1.3475,-3.7213,0.516,2.9992,7.583,0.7346,-0.541,-3.8254,2.2215,-2.8231,6.1275,0.974776,0,1698374926,1
-0.5208,-0.4248,0.0862,1.5173,-0.6083,3.6599,0.8093,1.1203,8.6833,0.5486,0.641,1.2176,-3.5062,0.6344,3.0694,7.8309,0.5476,-0.7084,-3.6603,2.3892,-2.9763,6.2869,0.980408,0,1698374926,2
-0.5147,-0.1797,0.0984,1.4364,-0.8267,3.7668,0.2551,0.9701,8.5977,0.4432,0.5486,1.1048,-3.2309,0.7351,3.1123,8.0876,0.3675,-0.57,-3.5227,2.6022,-3.1471,6.4786,0.984782,0,1698374926,3
-0.5039,0.154,0.1097,1.3398,-1.0364,3.8855,-0.3024,0.9134,8.4655,0.2608,0.425,0.9668,-2.8944,0.8129,3.1362,8.353,0.1687,-0.3244,-3.4414,2.7578,-3.3119,6.6849,0.98818,0,1698374926,4
-0.4892,0.5395,0.1195,1.2382,-1.0527,3.9548,-0.8215,0.9267,8.2987,0.2547,0.3042,0.8606,-2.5171,0.8468,3.1555,8.5925,-0.0802,-0.4456,-3.3979,2.8004,-3.4724,6.9061,0.990819,0,1698374926,5
-0.4715,0.8712,0.1287,1.1388,-0.918,4.0094,-1.2895,0.8805,8.072,0.4001,0.2095,0.8309,-2.1192,0.8096,3.1839,8.8189,-0.2472,-0.4502,-3.3172,2.8273,-3.6415,7.1389,0.992869,0,1698374926,6
-0.4511,1.1873,0.1385,1.0632,-0.5636,4.0723,-1.6606,0.8031,7.9831,0.5422,0.1522,0.8802,-1.7156,0.732,3.2231,9.0627,-0.3087,-0.1752,-3.1386,2.833,-3.8178,7.3619,0.994461,0,1698374926,7
-0.4307,1.413,0.1484,1.0114,-0.0285,4.2345,-1.8969,0.5495,7.8879,0.6066,0.1358,0.9535,-1.3202,0.6004,3.2533,9.3148,-0.3343,0.0257,-2.8831,2.8502,-3.9651,7.6156,0.995698,1,1698374926,8
-0.4117,1.4694,0.1585,1.0051,0.5261,4.3204,-1.9969,0.0441,8.152,0.3846,0.1511,0.8485,-0.9893,0.4129,3.2775,9.5791,-0.3789,-0.0177,-2.5586,2.9015,-4.0902,7.8968,0.996658,1,1698374926,9
-0.3947,1.4589,0.1686,1.0162,0.8955,4.1196,-2.0175,-0.4084,8.9866,-0.0897,0.2014,0.6221,-0.6479,0.1967,3.3198,9.8531,-0.4553,-0.4161,-2.1523,2.9906,-4.2048,8.1773,0.997404,1,1698374926,10
-0.3827,1.3454,0.1781,0.9824,1.4048,3.6594,-1.8597,-1.3639,9.676,-0.3247,0.3018,0.4607,-0.2873,-0.04,3.4078,10.1241,-0.4831,-1.0503,-1.6884,3.1279,-4.309,8.447,0.997984,1,1698374926,10
-0.3784,1.0657,0.1864,0.8969,1.9155,3.2678,-1.5479,-2.133,10.0151,-0.5732,0.4369,0.3516,-0.0089,-0.2745,3.5461,10.3983,-0.4042,-1.6596,-1.1747,3.311,-4.3803,8.731,0.998434,1,1698374926,11
-0.3813,0.7151,0.1943,0.8088,2.048,2.8963,-1.1822,-2.1483,10.6248,-0.9576,0.5512,0.1995,0.1886,-0.4762,3.6784,10.6764,-0.279,-2.2275,-0.6248,3.52,-4.4849,9.0733,0.998784,1,1698374926,12
-0.3887,0.3395,0.2013,0.7588,2.2131,2.3402,-0.7268,-2.2775,11.0949,-1.2794,0.5983,-0.0789,0.3258,-0.6516,3.7983,10.9344,-0.1783,-2.7947,-0.1023,3.6854,-4.6396,9.3297,0.999055,1,1698374927,13
-0.3975,0.0323,0.2071,0.746,2.3021,1.904,-0.2546,-2.1036,11.5007,-1.6877,0.5649,-0.5047,0.4545,-0.8432,3.9775,11.1803,-0.1486,-3.173,0.2899,3.7817,-4.7689,9.5065,0.999266,1,1698374927,14
-0.4054,-0.138,0.2123,0.7048,2.3184,1.5303,0.1879,-1.5225,12.0032,-1.8788,0.4989,-1.1056,0.5954,-1.0344,4.2107,11.457,-0.204,-3.1533,0.5264,3.802,-4.8808,9.81,0.99943,1,1698374927,15
-0.4095,-0.1532,0.2157,0.5861,2.1701,1.39,0.6612,-0.8041,12.721,-2.0883,0.4775,-1.8144,0.7194,-1.1221,4.4151,11.7701,-0.2965,-2.8124,0.7263,3.7696,-4.999,10.2454,0.999557,1,1698374927,16
-0.4071,0.0296,0.2164,0.4278,1.7446,1.3517,0.9803,-0.3503,13.3635,-1.6608,0.5257,-2.4612,0.8079,-1.0185,4.6215,12.0469,-0.3742,-2.4787,1.0221,3.7675,-5.1151,10.6785,0.999656,0,1698374927,17
-0.398,0.2717,0.2142,0.2563,0.925,1.4115,0.9537,-0.1441,13.4803,-0.8365,0.6048,-2.9057,0.8793,-0.7617,4.9226,12.2435,-0.4031,-2.3097,1.4701,3.8947,-5.1318,11.035,0.999733,0,1698374927,18
-0.3851,0.5111,0.2081,-0.0146,0.4069,1.3684,1.1964,-0.5481,13.0649,-0.2007,0.6578,-3.0924,0.9296,-0.4591,5.2661,12.3379,-0.3719,-2.2927,1.9441,4.1527,-4.9956,11.3016,0.999789,0,1698374927,19
-0.3727,0.6893,0.1962,-0.4188,0.8898,1.2344,1.7607,-1.3465,12.7021,0.5347,0.6299,-3.0619,0.9815,-0.1738,5.5722,12.2789,-0.2982,-2.5292,2.3737,4.4211,-4.7915,11.4249,0.999832,0,1698374927,20
-0.365,0.647,0.1784,-0.8836,1.3953,1.3877,2.2186,-1.3059,11.7954,1.5758,0.4898,-2.8728,1.084,0.0898,5.8185,12.0616,-0.1966,-2.5024,2.7227,4.5827,-4.5343,11.411,0.99987,0,1698374927,21
-0.3641,0.4417,0.1555,-1.3131,1.0619,1.753,2.8205,-0.3935,11.2697,2.1423,0.2744,-2.5632,1.2548,0.2574,5.9737,11.7302,-0.0862,-1.9864,2.8736,4.5714,-4.2172,11.3011,0.999899,0,1698374927,22
-0.3669,0.2807,0.129,-1.7381,0.6239,1.8058,3.6051,-0.3067,11.4916,2.5374,0.0424,-2.1285,1.471,0.3197,6.071,11.3838,-0.0132,-1.4093,2.8596,4.4122,-3.8867,11.1291,0.999921,0,1698374927,23
-0.367,0.2782,0.1001,-2.1549,0.6178,1.4489,4.35,-1.1833,11.3841,3.5769,-0.166,-1.6493,1.7352,0.2788,6.1151,11.0865,-0.0281,-0.7642,2.7721,4.1581,-3.5531,10.9421,0.999939,0,1698374927,24
-0.3612,0.4163,0.0686,-2.495,0.429,1.3898,4.6865,-1.2003,10.8671,4.4434,-0.3304,-1.1945,2.035,0.1807,6.0857,10.8325,-0.1496,-0.0372,2.6793,3.8196,-3.3145,10.7682,0.999953,0,1698374927,25
-0.3504,0.6369,0.0342,-2.8057,-0.263,1.7044,4.6113,-0.4004,10.4182,4.7396,-0.4674,-0.8966,2.319,0.135,6.0535,10.612,-0.3573,0.6765,2.6414,3.4369,-3.2355,10.6195,0.999955,0,1698374927,26
-0.3371,0.8331,-0.0014,-3.0671,-0.7341,1.9743,4.4618,0.2177,10.9142,4.6029,-0.5909,-0.7913,2.5489,0.1677,6.0397,10.438,-0.5894,1.4124,2.7108,3.0282,-3.2838,10.5184,0.999316,0,1698374927,27
-0.3233,0.9419,-0.037,-3.287,-0.8912,2.1541,4.2723,0.2108,11.3937,4.66,-0.6587,-0.5877,2.7719,0.2567,5.9969,10.3299,-0.7585,2.0352,2.8942,2.6031,-3.3852,10.4466,0.995959,0,1698374927,28
-0.3103,1.0012,-0.0721,-3.4895,-1.2834,2.4199,3.9768,-0.0298,11.8228,4.7007,-0.6449,-0.1816,3.0635,0.3111,5.9439,10.2839,-0.815,2.2206,3.173,2.244,-3.4642,10.4053,0.991493,0,1698374927,29
-0.2976,1.0387,-0.1069,-3.6302,-1.6587,2.5846,3.565,-0.3586,12.1904,4.5842,-0.5712,0.3751,3.405,0.2905,5.9086,10.288,-0.7378,1.8048,3.5165,2.0196,-3.5057,10.4122,0.990303,0,1698374927,30
-0.2836,1.1123,-0.1411,-3.6189,-1.5378,2.5923,3.0329,-0.8657,12.2118,4.4058,-0.4738,1.0452,3.7879,0.192,5.9023,10.309,-0.5363,0.8563,3.8814,1.9055,-3.5097,10.4328,0.991688,0,1698374927,30
-0.2686,1.2221,-0.1745,-3.4911,-1.4311,2.5575,2.3503,-1.2449,11.703,3.9588,-0.405,1.6867,4.1808,0.0088,5.9375,10.3147,-0.2913,-0.275,4.1903,1.8849,-3.512,10.3948,0.99333,0,1698374927,31
-0.2533,1.2746,-0.2062,-3.3914,-1.3414,2.3523,1.5466,-1.4104,11.3048,3.2914,-0.4086,2.1432,4.5132,-0.2334,5.9855,10.3026,-0.0915,-1.2449,4.4013,1.9805,-3.51,10.2819,0.994795,0,1698374927,32
-0.2375,1.2936,-0.2358,-3.2791,-1.0118,1.9279,0.7246,-1.6442,10.7414,2.9619,-0.524,2.3913,4.7637,-0.4662,5.9823,10.2437,0.0406,-1.8449,4.4919,2.1332,-3.4876,10.0804,0.995957,0,1698374927,33
-0.2207,1.3962,-0.2638,-3.1435,-0.9808,1.5599,-0.1244,-1.7419,10.1428,2.7349,-0.7525,2.4715,4.9063,-0.6227,5.8711,10.1298,0.1151,-2.0075,4.4898,2.2909,-3.4719,9.7383,0.996859,0,1698374927,34
-0.2029,1.5012,-0.2903,-3.0621,-1.0734,1.1658,-0.9806,-1.7199,9.5897,2.5107,-1.0646,2.4477,4.9608,-0.6962,5.6562,9.9341,0.1457,-1.7955,4.4533,2.4567,-3.4348,9.2687,0.995652,0,1698374927,35
-0.1841,1.545,-0.3149,-2.9703,-0.8693,0.6211,-1.8025,-1.7641,8.8185,2.5622,-1.4246,2.3627,4.9597,-0.7051,5.3529,9.6322,0.1865,-1.3002,4.3278,2.6026,-3.3519,8.7174,0.864691,0,1698374927,36
-0.1642,1.6424,-0.3381,-2.8033,-0.4551,0.1324,-2.573,-1.7805,8.2083,2.608,-1.7818,2.2235,4.8975,-0.6891,4.9995,9.2595,0.2242,-0.4987,4.1766,2.7161,-3.2561,8.151,0.634679,0,1698374927,37
-0.1447,1.7787,-0.3603,-2.6336,-0.1563,-0.2489,-3.2438,-1.8111,7.8826,2.5057,-2.1257,2.0744,4.7801,-0.6309,4.6191,8.8209,0.2492,0.4536,4.0532,2.7389,-3.1576,7.5948,0.457751,0,1698374927,38
-0.1252,1.8667,-0.3815,-2.4988,0.0544,-0.6277,-3.5732,-1.817,7.797,2.3202,-2.4457,1.9526,4.6242,-0.5582,4.2026,8.3461,0.2993,1.252,3.9641,2.6959,-3.0554,7.069,0.325032,0,1698374927,39
-0.1055,1.8632,-0.4015,-2.3479,0.2163,-1.025,-3.7992,-1.9748,7.6754,2.1087,-2.7044,1.864,4.4622,-0.5194,3.7714,7.8516,0.3561,1.7171,3.9938,2.6539,-2.8985,6.5812,0.22697,0,1698374927,40
-0.0878,1.8484,-0.4204,-2.2498,0.2118,-1.3737,-4.1434,-2.1211,7.4602,1.8787,-2.8952,1.8549,4.2733,-0.47,3.3793,7.3625,0.4368,1.7196,4.0783,2.5882,-2.7256,6.128,0.095981,0,1698374927,41
-0.0716,1.8129,-0.4382,-2.1725,0.0676,-1.7144,-4.3205,-1.9941,7.2265,1.6781,-3.0143,1.9875,4.0405,-0.3923,3.0357,6.907,0.549,1.6696,4.1975,2.5275,-2.6215,5.7297,-0.093045,0,1698374927,42
-0.0556,1.738,-0.4552,-2.0469,-0.0887,-2.1325,-4.3498,-1.9961,7.1107,1.5226,-3.0336,2.1919,3.7949,-0.3419,2.7359,6.5075,0.7094,1.7543,4.3635,2.4894,-2.5113,5.4057,-0.28006,0,1698374927,43
-0.0413,1.6881,-0.4715,-1.9561,-0.3541,-2.5253,-4.2516,-2.2172,7.122,1.3932,-2.9634,2.3294,3.5377,-0.3249,2.4974,6.199,0.8902,2.0808,4.5418,2.4794,-2.4005,5.1992,-0.437581,0,1698374927,44
-0.0282,1.5958,-0.4875,-1.8947,-0.5875,-2.9106,-4.0168,-2.4484,7.1825,1.2152,-2.8339,2.3851,3.2714,-0.3138,2.3296,5.9864,0.9906,2.5927,4.7587,2.47,-2.3343,5.0847,-0.562536,0,1698374927,45
-0.0162,1.4569,-0.5021,-1.7947,-0.7126,-3.307,-3.6725,-2.595,7.0642,1.0511,-2.6591,2.3968,2.9922,-0.3132,2.2217,5.8846,1.02,2.7763,4.939,2.4731,-2.2833,5.037,-0.659866,0,1698374927,46
-0.0065,1.3171,-0.5144,-1.6244,-0.9043,-3.7103,-3.2542,-2.6494,6.9395,0.9591,-2.468,2.2661,2.6832,-0.3064,2.1881,5.8801,1.0148,2.619,5.017,2.5073,-2.2547,5.082,-0.735414,0,1698374927,47
0.0014,1.1844,-0.5241,-1.4281,-1.1853,-4.1105,-2.8006,-2.5892,6.8362,0.9513,-2.2888,1.7794,2.416,-0.2968,2.2208,5.9675,0.9527,2.4747,5.0042,2.585,-2.271,5.2246,-0.794089,0,1698374927,48
0.0082,1.0623,-0.5317,-1.2319,-1.401,-4.4921,-2.3546,-2.4836,6.7196,1.0128,-2.1164,1.3673,2.2468,-0.2786,2.3021,6.1426,0.8168,2.5407,4.9048,2.7051,-2.32,5.4367,-0.839667,0,1698374927,49
0.0144,0.9734,-0.5376,-1.0568,-1.5686,-4.8413,-1.9212,-2.4487,6.6699,1.055,-1.911,1.2961,2.0787,-0.249,2.4486,6.3625,0.5901,2.661,4.7424,2.8054,-2.3931,5.7073,-0.874986,0,1698374927,50
0.0204,0.899,-0.541,-0.8701,-1.7149,-5.0333,-1.4994,-2.2767,6.556,0.9768,-1.6977,1.3413,1.9107,-0.2207,2.6103,6.6092,0.311,2.6649,4.5233,2.8606,-2.4899,6.0343,-0.902371,0,1698374927,50
0.0268,0.843,-0.5412,-0.6278,-1.8277,-5.0563,-1.0695,-2.0258,6.6532,0.7397,-1.4971,1.1258,1.7503,-0.1997,2.7826,6.8882,0.0422,2.443,4.2458,2.8717,-2.5975,6.3957,-0.923765,0,1698374927,51
0.0336,0.8302,-0.5382,-0.3725,-2.0295,-4.9813,-0.6521,-1.7004,7.0949,0.388,-1.3021,0.6398,1.5832,-0.1616,2.9811,7.1755,-0.1828,2.0014,3.9024,2.8629,-2.7003,6.7649,-0.940594,0,1698374927,52
0.0413,0.8568,-0.5314,-0.0921,-2.1735,-4.8574,-0.2546,-1.3176,7.2961,0.1605,-1.1429,0.2282,1.4652,-0.1129,3.1856,7.4363,-0.3336,1.5637,3.5258,2.8871,-2.8028,7.135,-0.953809,0,1698374927,53
0.0509,0.9298,-0.5192,0.2299,-2.1993,-4.6964,0.1386,-0.9878,7.2049,0.1027,-1.0236,-0.1461,1.3907,-0.0671,3.3802,7.6777,-0.4031,1.3056,3.1599,2.9475,-2.9135,7.4883,-0.964122,0,1698374927,54
0.0625,0.9935,-0.4999,0.5771,-2.0753,-4.4666,0.5385,-0.4984,7.0562,0.0306,-0.9334,-0.5552,1.3584,-0.0145,3.5709,7.8937,-0.4145,1.158,2.8178,2.9884,-3.0088,7.8065,-0.972133,0,1698374927,55
0.0752,1.037,-0.4755,0.9903,-1.8741,-4.3,0.9335,-0.1287,6.8892,0.0406,-0.8498,-0.9838,1.358,0.0334,3.7434,8.0819,-0.3969,1.0518,2.4942,2.996,-3.063,8.1082,-0.978354,0,1698374927,56
0.0886,1.0827,-0.4488,1.4081,-1.3651,-4.2464,1.2847,-0.0975,6.9016,0.0146,-0.7626,-1.303,1.367,0.0575,3.8865,8.2665,-0.3687,0.9157,2.161,2.9734,-3.0798,8.3826,-0.983187,0,1698374927,57
0.102,1.1713,-0.4224,1.7468,-0.4874,-4.1758,1.548,-0.2786,7.1163,0.0092,-0.6754,-1.5953,1.3485,0.0604,4.012,8.4591,-0.3485,0.6386,1.8058,2.9194,-3.0885,8.6548,-0.986941,0,1698374927,58
0.1166,1.2864,-0.3986,1.8793,0.2387,-4.0366,1.6682,-0.5395,7.8729,0.0862,-0.5846,-1.963,1.2515,0.071,4.125,8.6821,-0.332,0.2479,1.4022,2.874,-3.1196,8.9339,-0.989857,0,1698374927,59
0.131,1.2996,-0.378,1.8417,0.6842,-3.8552,1.696,-0.6447,9.0649,0.2749,-0.5047,-2.2528,1.0414,0.1238,4.2149,8.9375,-0.3047,-0.111,0.9924,2.8484,-3.186,9.198,-0.992121,0,1698374927,60
0.1438,1.2679,-0.3638,1.6469,1.1078,-3.6402,1.6809,-0.4708,10.1564,0.554,-0.4332,-2.3518,0.6925,0.2515,4.2591,9.2082,-0.3014,-0.3088,0.6621,2.8077,-3.2985,9.4429,-0.99388,0,1698374927,61
0.1549,1.2188,-0.3597,1.2296,1.0678,-3.3377,1.5371,0.0505,11.3328,0.5717,-0.336,-2.3698,0.2443,0.4503,4.2801,9.5313,-0.3576,-0.3235,0.4192,2.7597,-3.4867,9.6868,-0.995247,0,1698374927,62
0.1634,1.1045,-0.3646,0.7417,0.7956,-3.0328,1.2711,0.5689,12.2382,0.5015,-0.1974,-2.3166,-0.2002,0.6841,4.3209,9.8999,-0.4516,-0.3716,0.2374,2.746,-3.6737,9.9386,-0.996308,0,1698374927,63
0.1693,0.9674,-0.3747,0.3075,0.8074,-2.7091,0.8984,0.8281,12.645,0.1877,-0.0267,-2.1925,-0.5574,0.8679,4.4799,10.2535,-0.522,-0.4643,0.0996,2.776,-3.8278,10.2021,-0.997132,0,1698374927,64
0.1732,0.8294,-0.3873,-0.0243,0.699,-2.3401,0.4333,0.8183,13.038,-0.4185,0.1374,-1.9803,-0.793,0.9045,4.7394,10.6056,-0.5528,-0.4222,-0.0066,2.8139,-3.9675,10.5366,-0.997773,0,1698374927,65
0.1758,0.6867,-0.3998,-0.261,0.504,-1.946,0.0048,0.4472,13.2422,-0.5194,0.2888,-1.6245,-0.9062,0.768,4.9666,11.0184,-0.5708,-0.4653,-0.1479,2.7999,-4.1493,10.9426,-0.99827,0,1698374927,66
0.1767,0.5352,-0.4077,-0.3049,0.5093,-1.7593,-0.5071,0.1958,13.9652,-0.382,0.4532,-1.2587,-0.9609,0.4848,5.1466,11.5152,-0.5967,-0.8499,-0.3727,2.8068,-4.3961,11.3601,-0.998656,0,1698374927,67
0.1763,0.4057,-0.4065,-0.0773,0.8808,-1.9185,-0.9898,-0.0179,13.8672,0.3305,0.6355,-1.0641,-1.0826,0.1617,5.3035,12.0534,-0.6628,-1.3701,-0.601,2.9638,-4.6775,11.7651,-0.998954,0,1698374927,68
0.1752,0.2709,-0.3965,0.2537,0.9818,-1.8035,-1.3486,0.0262,12.539,1.4012,0.8034,-1.0603,-1.3254,-0.0594,5.4334,12.6003,-0.7781,-1.7717,-0.78,3.2373,-4.9849,12.1064,-0.999165,0,1698374927,69
0.1709,0.0405,-0.3804,0.6069,0.5916,-1.1935,-1.658,0.5207,11.8601,2.0983,0.887,-1.2534,-1.6785,-0.133,5.5078,13.1028,-0.9102,-2.0282,-0.9643,3.517,-5.2864,12.2937,-0.999166,0,1698374927,70
0.1606,-0.3242,-0.3622,0.9333,0.7955,-0.8203,-1.8991,0.727,11.8069,3.1241,0.8574,-1.6037,-2.0661,-0.11,5.4881,13.4493,-0.9941,-2.1397,-1.2053,3.7389,-5.5591,12.2625,-0.99688,0,1698374927,70
0.1429,-0.7395,-0.3465,1.0164,1.2914,-0.6275,-2.1793,0.7165,12.1034,4.2296,0.7329,-1.9013,-2.3995,0.0015,5.3568,13.5282,-0.9698,-2.1811,-1.5008,3.8831,-5.7899,11.9937,-0.98945,0,1698374927,71
0.1187,-1.137,-0.3384,0.8446,1.893,-0.4216,-2.541,0.4256,12.1755,5.0575,0.5596,-1.9645,-2.6602,0.1711,5.0883,13.3144,-0.8564,-2.1979,-1.813,3.9556,-5.9521,11.545,-0.797578,0,1698374927,72
0.0924,-1.4999,-0.3382,0.6081,2.0705,-0.2667,-3.0716,0.3399,12.3815,5.1663,0.3857,-1.9259,-2.8311,0.2337,4.713,12.8642,-0.7205,-2.153,-2.1313,3.9582,-5.9728,10.9991,-0.431224,0,1698374927,73
0.0642,-1.8325,-0.3395,0.4939,1.5991,-0.0612,-3.5306,0.3279,12.6521,4.63,0.2601,-1.717,-2.8531,0.1417,4.3071,12.2521,-0.6235,-1.9554,-2.48,3.8616,-5.8485,10.4316,-0.111807,0,1698374927,74
0.0338,-2.121,-0.3374,0.5146,0.3075,0.3362,-3.588,0.2793,13.3599,4.0658,0.2298,-1.1592,-2.7143,-0.103,3.9217,11.5992,-0.6069,-1.6281,-2.8658,3.6849,-5.6408,9.8797,0.136417,0,1698374927,75
0.0016,-2.4147,-0.3289,0.6234,-1.1746,0.5673,-3.3607,-0.3112,14.2455,3.4124,0.2668,-0.5241,-2.5161,-0.5164,3.608,10.9779,-0.6716,-1.1863,-3.261,3.4855,-5.4321,9.3796,0.3286,0,1698374927,76
-0.0335,-2.6461,-0.3153,0.8463,-1.4089,0.2542,-3.076,-1.2296,13.8992,2.8189,0.3304,-0.0231,-2.4056,-0.9418,3.3253,10.4237,-0.8139,-0.5748,-3.6557,3.2678,-5.3,8.973,0.476795,0,1698374927,77
-0.0684,-2.8404,-0.3001,1.0794,-1.1793,-0.1628,-2.7253,-1.5997,12.7575,2.8879,0.4557,0.2127,-2.4638,-1.3123,3.0598,9.9919,-1.0437,0.1704,-4.0551,2.9941,-5.2455,8.6702,0.583418,0,1698374927,78
-0.1019,-2.9537,-0.2845,1.2232,-1.0129,-0.577,-2.3029,-1.922,12.2022,3.2275,0.6613,0.1052,-2.6846,-1.6295,2.8631,9.7204,-1.339,0.9426,-4.443,2.6621,-5.217,8.4861,0.602213,0,1698374927,79
-0.1337,-2.9888,-0.2688,1.32,-1.0447,-1.0607,-1.8879,-1.9079,11.9882,3.3715,0.9079,-0.2518,-3.0248,-1.827,2.7628,9.6087,-1.6408,1.5475,-4.774,2.3043,-5.2067,8.3974,0.414591,0,1698374927,80
-0.1652,-3.0465,-0.2528,1.4016,-1.002,-1.5173,-1.4496,-1.5506,11.56,3.5884,1.1514,-0.7191,-3.4194,-1.8734,2.7578,9.6146,-1.8948,1.8674,-5.0312,1.9641,-5.1778,8.3707,0.110972,0,1698374927,81
-0.1957,-3.0664,-0.2367,1.4238,-0.7337,-1.987,-0.8672,-1.2237,11.217,3.7085,1.3627,-1.152,-3.8043,-1.7847,2.8119,9.7061,-2.0699,1.9275,-5.2292,1.6955,-5.1572,8.3837,-0.136664,0,1698374927,82
-0.2232,-3.1104,-0.2214,1.4769,-0.3694,-2.1192,-0.1865,-0.9058,10.4818,3.6267,1.508,-1.4951,-4.134,-1.6302,2.9128,9.8074,-2.1446,1.808,-5.3591,1.5161,-5.1918,8.3988,-0.32908,0,1698374927,83
-0.2489,-3.0364,-0.2055,1.6165,-0.0855,-1.8154,0.4659,-0.4008,9.7908,3.4528,1.5553,-1.7828,-4.3815,-1.4288,3.0432,9.8433,-2.0977,1.6309,-5.4098,1.4304,-5.229,8.3972,-0.478437,0,1698374927,84
-0.2748,-2.8957,-0.1883,1.7325,0.1827,-1.4976,1.0902,0.0525,9.1497,3.3246,1.5094,-1.9944,-4.5261,-1.163,3.1812,9.7774,-1.9353,1.4958,-5.3997,1.4238,-5.2064,8.3639,-0.594269,0,1698374927,85
-0.3004,-2.7634,-0.1708,1.7713,0.3782,-1.1119,1.6901,0.4032,8.5535,3.1238,1.3996,-2.0241,-4.5693,-0.8079,3.2913,9.5858,-1.6787,1.4191,-5.3544,1.4771,-5.0961,8.2709,-0.672484,0,1698374927,86
-0.3246,-2.6621,-0.1529,1.8141,0.3844,-0.6171,2.2345,0.7638,8.1481,2.8711,1.2606,-1.8282,-4.539,-0.3939,3.3345,9.2596,-1.3609,1.3952,-5.3047,1.5686,-4.9048,8.0985,-0.606435,0,1698374927,87
-0.3479,-2.5612,-0.135,1.8902,0.3107,-0.1033,2.6872,1.1933,7.9947,2.6088,1.1237,-1.4237,-4.4652,-0.0194,3.2997,8.822,-1.0025,1.4074,-5.2644,1.6564,-4.676,7.8699,-0.343855,0,1698374927,88
-0.3716,-2.3955,-0.1156,1.8717,0.2519,0.3452,3.0822,1.4064,7.9917,2.5103,1.0003,-0.8778,-4.3839,0.2826,3.1933,8.3392,-0.5698,1.3853,-5.2161,1.7038,-4.443,7.609,-0.043826,0,1698374927,89
-0.3952,-2.2367,-0.0965,1.7974,0.1984,0.824,3.4087,1.5609,7.9106,2.5311,0.8891,-0.2952,-4.3209,0.5464,3.0382,7.8746,-0.0395,1.4005,-5.1547,1.6874,-4.1709,7.305,0.189202,0,1698374927,90
-0.4149,-2.1434,-0.0804,1.7461,0.2294,1.2709,3.6341,1.8498,7.9251,2.4775,0.8104,0.2067,-4.2761,0.7783,2.8742,7.4582,0.485,1.4072,-5.0541,1.6076,-3.8759,6.965,0.370209,0,1698374927,90
-0.4312,-2.062,-0.0659,1.6784,0.3412,1.6094,3.782,1.9275,7.8182,2.4541,0.7859,0.9195,-4.2346,0.9335,2.7115,7.0943,0.9349,1.2122,-4.9292,1.5127,-3.5922,6.6126,0.510823,0,1698374927,91
-0.4467,-1.9372,-0.0511,1.6446,0.3241,2.0011,3.8551,1.9657,7.7601,2.3306,0.8121,1.7995,-4.181,0.9967,2.5686,6.8147,1.2631,1.0172,-4.8364,1.4105,-3.3355,6.2735,0.620042,0,1698374927,92
-0.4623,-1.8546,-0.0361,1.6437,0.1941,2.4314,3.824,2.1458,7.6569,2.1841,0.8554,2.397,-4.1198,0.9898,2.4717,6.602,1.4311,0.536,-4.6833,1.2888,-3.1241,6.0467,0.704875,0,1698374927,93
-0.4772,-1.7716,-0.0219,1.5907,0.0649,2.7614,3.6934,2.3769,7.5736,2.1463,0.9146,2.7461,-4.0577,0.9474,2.4251,6.4531,1.5386,-0.2443,-4.4613,1.221,-2.9484,5.9285,0.770768,0,1698374927,94
-0.4905,-1.6644,-0.0083,1.5289,-0.0601,3.045,3.5,2.4537,7.716,2.1492,1.0083,2.8996,-3.9789,0.8986,2.4346,6.4153,1.6314,-0.5214,-4.2233,1.221,-2.8315,5.8383,0.821949,0,1698374927,95
-0.5017,-1.5382,0.004,1.4567,-0.193,3.4502,3.2397,2.4153,8.0164,2.0823,1.1263,2.9575,-3.8571,0.8677,2.4844,6.473,1.678,-0.2279,-3.9293,1.2488,-2.7764,5.7696,0.861702,0,1698374927,96
-0.5107,-1.3679,0.0145,1.3409,-0.3652,3.9158,3.024,2.185,8.1078,1.8071,1.2529,2.947,-3.6824,0.8429,2.5718,6.6207,1.6409,0.093,-3.5987,1.2854,-2.7503,5.6908,0.89258,0,1698374927,97
-0.5172,-1.1786,0.024,1.2188,-0.534,4.2595,2.7686,1.9198,8.1702,1.3993,1.3716,2.8631,-3.4769,0.8455,2.6712,6.8573,1.5183,-0.0413,-3.3258,1.3319,-2.7519,5.6425,0.916564,0,1698374927,98
-0.5206,-0.9647,0.0328,1.1311,-0.7894,4.558,2.3061,1.8712,8.3967,1.163,1.4494,2.5959,-3.2277,0.846,2.754,7.1419,1.3165,-0.4191,-3.0379,1.4785,-2.8512,5.7535,0.935193,0,1698374927,99
-0.5215,-0.7396,0.042,1.0933,-1.016,4.8171,1.7901,1.7274,8.502,1.0201,1.4518,2.2154,-2.8961,0.8265,2.8339,7.4543,1.1189,-0.929,-2.7879,1.7562,-2.9668,5.9718,0.949662,0,1698374927,0
-0.5207,-0.5381,0.0513,1.064,-1.1988,4.9877,1.3125,1.4361,8.4647,0.7881,1.3983,1.8202,-2.5415,0.8299,2.9354,7.7542,0.9714,-1.2629,-2.5298,2.075,-3.0558,6.1318,0.960901,0,1698374927,1
-0.5189,-0.3597,0.0603,1.0416,-1.4166,5.0188,0.8641,1.1301,8.4541,0.5504,1.3022,1.629,-2.1927,0.8103,3.0485,8.035,0.856,-1.3143,-2.2006,2.3697,-3.1766,6.2493,0.969631,0,1698374927,2
-0.5147,-0.1417,0.0701,1.0731,-1.7341,4.8129,0.4416,0.8447,8.6811,0.1206,1.1322,1.6365,-1.8348,0.7411,3.1337,8.2704,0.7672,-1.3346,-1.9577,2.6221,-3.3077,6.4093,0.976411,0,1698374927,3
-0.5062,0.1422,0.0813,1.1219,-2.0173,4.7339,0.0197,0.539,8.8868,-0.4494,0.8944,1.518,-1.6694,0.6625,3.1766,8.4351,0.6871,-1.1118,-1.8125,2.8655,-3.4377,6.5833,0.981678,0,1698374927,4
-0.492,0.4885,0.0932,1.1645,-1.9885,4.7194,-0.4102,0.1998,8.5257,-0.5544,0.6739,1.4591,-1.4173,0.6103,3.1811,8.5954,0.4886,-1.15,-1.9034,3.0035,-3.5552,6.7032,0.985769,0,1698374927,5
-0.4732,0.8496,0.1057,1.2117,-1.7752,4.599,-0.797,-0.064,8.1904,-0.4702,0.5188,1.5216,-0.8951,0.5446,3.1752,8.7722,0.1623,-1.4022,-2.1436,3.1045,-3.6607,6.9211,0.988946,0,1698374927,6
-0.4522,1.1209,0.1186,1.2581,-1.4646,4.6377,-1.1682,-0.2649,8.2047,-0.5676,0.4137,1.5522,-0.3958,0.4348,3.1834,8.9615,-0.1159,-1.2597,-2.2381,3.2287,-3.8195,7.2157,0.991414,0,1698374927,7
-0.4289,1.3598,0.1327,1.3164,-0.9976,4.487,-1.4531,-0.4663,8.3599,-0.45,0.3372,1.4422,0.0457,0.2853,3.2019,9.1796,-0.3576,-1.0136,-2.2144,3.284,-4.009,7.4697,0.993331,0,1698374927,8
-0.4063,1.5002,0.1479,1.3502,-0.2897,4.1041,-1.5508,-0.6976,8.8623,-0.1758,0.3085,1.2477,0.3938,0.0973,3.2408,9.4422,-0.5632,-0.9178,-2.0997,3.3029,-4.1882,7.7368,0.99482,0,1698374928,9
-0.3885,1.4433,0.1619,1.3416,0.2474,3.8723,-1.5687,-0.9166,9.6861,-0.0374,0.3441,1.0191,0.6718,-0.1019,3.2969,9.7347,-0.676,-0.9235,-1.8086,3.317,-4.3661,8.0046,0.995977,0,1698374928,10
-0.3773,1.2449,0.1744,1.3155,0.4276,3.7494,-1.4796,-1.0621,10.9092,-0.2905,0.4374,0.8194,0.9202,-0.278,3.3659,10.0458,-0.7108,-1.2953,-1.3609,3.4349,-4.4931,8.2861,0.996875,0,1698374928,11
-0.3738,0.9562,0.1845,1.267,0.5915,3.4706,-1.3276,-1.1628,12.0471,-0.6918,0.5609,0.6054,1.1122,-0.4543,3.4626,10.3658,-0.6603,-1.9658,-0.8292,3.7088,-4.5784,8.5697,0.997573,0,1698374928,12
-0.3756,0.6581,0.1919,1.1526,0.8193,2.9567,-1.1534,-1.4198,12.3819,-0.8637,0.6774,0.3864,1.2102,-0.6215,3.6028,10.6803,-0.5597,-2.6408,-0.3309,4.0647,-4.6668,8.8426,0.998115,0,1698374928,13
-0.3799,0.3881,0.1978,1.0234,0.9724,2.5397,-0.88,-1.5975,12.3411,-1.1979,0.7482,0.1814,1.2199,-0.7666,3.785,10.98,-0.4841,-3.0731,0.1217,4.4276,-4.7967,9.1447,0.998536,0,1698374928,13
-0.3854,0.1622,0.2024,0.9048,1.0555,2.2669,-0.5415,-1.4547,12.4777,-1.6636,0.7325,-0.1671,1.1873,-0.9105,3.9989,11.2795,-0.4808,-3.27,0.4793,4.7251,-4.9435,9.5082,0.998863,0,1698374928,14
-0.391,0.0136,0.2065,0.7967,1.0869,1.9894,-0.1508,-1.1641,12.8343,-1.8396,0.6828,-0.6551,1.1859,-1.048,4.2191,11.6004,-0.6162,-2.7957,0.7459,4.8716,-5.1143,9.9712,0.999116,0,1698374928,15
-0.3958,-0.0589,0.2099,0.6946,1.2194,1.8054,0.3035,-0.8454,13.173,-1.4775,0.6809,-1.2386,1.2334,-1.1203,4.4267,11.9327,-0.776,-2.1359,0.9044,4.795,-5.2685,10.4633,0.999314,0,1698374928,16
-0.3965,-0.0046,0.2114,0.5549,0.9483,1.7723,0.6522,-0.5094,13.966,-0.8483,0.7322,-1.8478,1.2797,-1.0557,4.6901,12.2417,-0.8498,-1.8773,1.0762,4.6831,-5.3921,10.9547,0.999466,0,1698374928,17
-0.3913,0.1555,0.2106,0.3662,0.2051,1.803,1.0048,-0.4464,14.664,-0.0533,0.7933,-2.3823,1.2858,-0.8734,5.055,12.4843,-0.8705,-1.7174,1.4149,4.7387,-5.4544,11.4451,0.999584,0,1698374928,18
-0.3824,0.3655,0.2058,0.0758,-0.0944,1.9759,1.5215,-0.7418,14.0377,0.929,0.8196,-2.7609,1.2504,-0.6223,5.4598,12.6645,-0.8363,-1.8275,1.8357,4.896,-5.3945,11.7918,0.999666,0,1698374928,19
-0.3725,0.532,0.1935,-0.3616,0.1954,1.9934,1.9468,-0.8512,13.6678,1.8591,0.7504,-2.8845,1.2051,-0.3064,5.7892,12.7149,-0.7373,-1.8517,2.315,5.0612,-5.3208,11.9368,0.999728,0,1698374928,20
-0.3659,0.4797,0.1731,-0.8386,0.8005,1.6346,2.3256,-0.8966,12.565,3.0934,0.5672,-2.7419,1.2125,-0.013,6.0191,12.5544,-0.5726,-1.6046,2.7146,5.1173,-5.1993,11.8728,0.999786,0,1698374928,21
-0.3659,0.3075,0.1466,-1.1947,0.7874,1.5895,2.8389,-0.7945,11.8373,3.4972,0.3047,-2.4266,1.3018,0.1663,6.1755,12.2413,-0.3714,-1.1962,2.8912,5.0212,-4.9273,11.6162,0.999834,0,1698374928,22
-0.369,0.1901,0.1162,-1.5835,0.4261,1.6464,3.3833,-0.8507,12.0383,3.4722,-0.0074,-1.9968,1.4401,0.2802,6.2235,11.8492,-0.1956,-0.6455,2.869,4.8021,-4.5722,11.2242,0.999871,0,1698374928,23
-0.3687,0.2091,0.0868,-1.9332,0.6431,1.2987,3.842,-1.2052,11.7636,4.1651,-0.341,-1.5461,1.6447,0.3189,6.1389,11.4194,-0.1144,0.1154,2.7154,4.4262,-4.2191,10.7644,0.9999,0,1698374928,24
-0.3624,0.4061,0.0559,-2.2841,0.8194,1.0524,3.8659,-0.8896,10.9202,4.8794,-0.6384,-1.1672,1.9341,0.2894,5.9363,10.9876,-0.1297,0.9689,2.5203,3.8472,-3.9735,10.3351,0.999922,0,1698374928,25
-0.3504,0.6556,0.0197,-2.6724,0.2805,1.2352,3.4532,0.1012,10.2582,4.898,-0.8652,-0.8575,2.2832,0.2761,5.6715,10.5836,-0.1782,1.7674,2.3951,3.1868,-3.9035,9.9865,0.999938,0,1698374928,26
-0.3365,0.8159,-0.0169,-2.9432,-0.4329,1.6184,3.0722,0.6869,10.7795,4.44,-0.9996,-0.5505,2.6336,0.315,5.3865,10.222,-0.2142,2.4711,2.4403,2.5715,-3.959,9.744,0.999834,0,1698374928,27
-0.3236,0.8676,-0.0538,-3.1977,-1.0697,1.9612,2.7635,0.6012,11.5548,4.2796,-1.0051,-0.1509,2.9672,0.3743,5.133,9.9373,-0.2132,3.1097,2.7156,2.0832,-4.0528,9.6347,0.999667,0,1698374928,28
-0.3117,0.9296,-0.0919,-3.398,-1.7212,2.1473,2.4751,0.2106,12.4726,4.2323,-0.8927,0.3946,3.3328,0.3527,4.9936,9.751,-0.1238,3.2035,3.2115,1.8308,-4.0648,9.6154,0.999575,0,1698374928,29
-0.3005,0.9833,-0.1295,-3.5665,-2.153,2.2314,2.2034,-0.4019,12.6593,4.1891,-0.6971,1.0655,3.7344,0.193,4.9936,9.6407,0.0667,2.5188,3.8371,1.7791,-3.9627,9.6535,0.999487,0,1698374928,30
-0.2883,1.0398,-0.1658,-3.5871,-2.5498,2.2269,1.8517,-0.9521,12.3622,3.9415,-0.4685,1.7877,4.1485,-0.115,5.1325,9.6248,0.3399,1.4202,4.4371,1.8507,-3.8224,9.7312,0.864768,0,1698374928,31
-0.2748,1.151,-0.2004,-3.5486,-2.7216,1.9924,1.3869,-1.4841,12.0077,3.5441,-0.2782,2.4083,4.5265,-0.5234,5.3487,9.6969,0.6705,0.0582,4.8717,1.9977,-3.737,9.7943,0.759465,0,1698374928,32
-0.2596,1.2131,-0.2348,-3.5798,-2.6275,1.6347,0.8511,-1.8752,11.2525,3.2467,-0.2087,2.7233,4.7885,-0.9071,5.5329,9.801,1.01,-1.1011,5.1052,2.1867,-3.7478,9.7954,0.812398,0,1698374928,33
-0.2426,1.285,-0.2668,-3.4876,-2.4897,1.2657,0.1776,-1.8572,10.4934,2.9032,-0.3159,2.6731,4.8796,-1.1557,5.6059,9.895,1.2976,-1.9454,5.1384,2.3787,-3.8097,9.6835,0.83334,0,1698374928,34
-0.2249,1.3788,-0.2951,-3.3345,-2.2242,0.8419,-0.6106,-1.7849,9.6591,2.6757,-0.5729,2.3657,4.8233,-1.228,5.5483,9.9285,1.486,-2.504,4.9809,2.5714,-3.8624,9.4205,0.724499,0,1698374928,35
-0.2055,1.5081,-0.3225,-3.2162,-1.9165,0.3908,-1.4231,-1.7681,8.8909,2.5874,-0.9089,1.9411,4.7012,-1.1583,5.3827,9.8702,1.5727,-2.4129,4.7418,2.7796,-3.8701,9.052,0.533833,0,1698374928,36
-0.1839,1.6224,-0.3488,-3.0747,-0.7338,-0.551,-2.9018,-1.6379,7.5094,2.5599,-1.6444,1.3422,4.5476,-0.813,4.8158,9.3549,1.5495,-0.8436,4.274,2.9252,-3.6562,8.0111,0.349064,0,1698374928,37
-0.1528,1.7288,-0.3799,-2.9015,-0.274,-0.9945,-3.5222,-1.7782,7.3449,2.4504,-1.979,1.3311,4.5203,-0.6841,4.4799,8.9116,1.5223,-0.2105,4.047,2.8385,-3.425,7.396,0.173591,0,1698374928,38
-0.1221,1.8886,-0.4081,-2.742,0.107,-1.3457,-4.0016,-1.8655,7.2796,2.1599,-2.2695,1.4571,4.5348,-0.6354,4.1132,8.3906,1.537,0.4439,3.8375,2.7711,-3.3142,6.8397,0.043212,0,1698374928,38
-0.1007,2.0096,-0.4269,-2.6132,0.3936,-1.6586,-4.3314,-1.8841,7.2329,1.9647,-2.5173,1.6019,4.5581,-0.6774,3.7492,7.8584,1.5791,1.2761,3.6901,2.7345,-3.1939,6.3462,-0.041795,0,1698374928,39
-0.0804,2.0834,-0.4445,-2.4606,0.6059,-1.9476,-4.4937,-1.8315,7.0329,1.8916,-2.7149,1.7254,4.5106,-0.7475,3.3832,7.3189,1.6313,1.6182,3.6651,2.6762,-2.9286,5.88,-0.068976,0,1698374928,40
-0.0615,2.0594,-0.4614,-2.2703,0.7854,-2.248,-4.5014,-1.7401,6.7874,1.8923,-2.8394,1.852,4.3339,-0.7778,3.0267,6.8212,1.7094,1.6402,3.736,2.6629,-2.6845,5.5021,-0.084421,0,1698374928,41
-0.0441,1.9673,-0.4777,-2.0874,0.9239,-2.6057,-4.3898,-1.7372,6.478,1.9512,-2.8969,1.9426,4.0552,-0.7792,2.7099,6.4342,1.7991,1.8175,3.826,2.6858,-2.4768,5.2029,-0.153006,0,1698374928,42
-0.0282,1.8712,-0.4932,-1.9303,0.9258,-2.9577,-4.1863,-1.7185,6.2316,2.0153,-2.8751,1.8554,3.6725,-0.7806,2.4401,6.1268,1.9054,1.9996,3.9062,2.7065,-2.3184,4.9986,-0.257711,0,1698374928,43
-0.0144,1.745,-0.5077,-1.7841,0.6452,-3.1919,-3.9107,-1.5769,6.3462,1.8569,-2.8027,1.6036,3.2125,-0.7471,2.2391,5.9036,2.0066,1.9688,3.9445,2.7076,-2.2077,4.8835,-0.381164,0,1698374928,44
-0.003,1.5847,-0.5209,-1.6372,0.2586,-3.4062,-3.5688,-1.5009,6.6044,1.5345,-2.6775,1.3867,2.7496,-0.6621,2.1174,5.7722,2.0223,2.0106,3.9565,2.7306,-2.1773,4.8639,-0.506805,0,1698374928,45
0.0063,1.4274,-0.5327,-1.4985,-0.0665,-3.6945,-3.1677,-1.6047,6.6946,1.3413,-2.4687,1.2106,2.298,-0.5584,2.0975,5.7356,1.9142,2.3592,3.9768,2.7581,-2.1916,4.9654,-0.605968,0,1698374928,46
0.0136,1.2686,-0.5425,-1.3507,-0.4928,-3.9567,-2.7351,-1.7112,6.9373,1.1535,-2.2152,0.9655,1.8594,-0.4746,2.1676,5.7994,1.6974,2.7211,3.9287,2.7573,-2.1936,5.1664,-0.681088,0,1698374928,47
0.0198,1.1129,-0.5502,-1.1883,-0.9347,-4.1477,-2.291,-1.7501,7.1763,0.9283,-1.9979,0.246,1.442,-0.3876,2.2918,5.888,1.4241,2.934,3.7677,2.7666,-2.223,5.4284,-0.743144,0,1698374928,48
0.0259,0.9838,-0.5557,-1.0388,-1.2575,-4.2926,-1.8599,-1.7081,7.0835,0.7993,-1.7192,-0.4254,1.0736,-0.2348,2.4438,6.0594,1.142,3.1284,3.5311,2.7834,-2.2907,5.7578,-0.797344,0,1698374928,49
0.0322,0.8884,-0.5583,-0.8355,-1.3992,-4.4622,-1.4526,-1.6122,7.0801,0.6671,-1.3417,-0.5864,0.8249,-0.0698,2.5921,6.3449,0.8624,3.3416,3.2723,2.77,-2.3955,6.1122,-0.841266,0,1698374928,50
0.0393,0.8603,-0.5569,-0.5743,-1.4555,-4.525,-1.0391,-1.5257,6.9967,0.5494,-0.9828,-0.7362,0.7024,0.0655,2.7626,6.6805,0.5898,3.4765,3.0125,2.7652,-2.5075,6.4795,-0.876033,0,1698374928,51
0.0478,0.8839,-0.5514,-0.2789,-1.6024,-4.4493,-0.6498,-1.2318,7.087,0.4606,-0.658,-1.0826,0.5877,0.1885,2.9731,7.0404,0.3363,3.5319,2.7272,2.766,-2.6224,6.8538,-0.90334,0,1698374928,52
0.0578,0.9038,-0.5409,0.1203,-1.6866,-4.3445,-0.2715,-0.8672,7.1416,0.4088,-0.3947,-1.5698,0.4611,0.3292,3.1876,7.3816,0.1189,3.4615,2.4212,2.7338,-2.7442,7.2059,-0.92471,0,1698374928,53
0.0688,0.9201,-0.524,0.5329,-1.574,-4.1344,0.1655,-0.6378,6.8865,0.3635,-0.1765,-1.7812,0.4173,0.4896,3.3879,7.7124,-0.0661,3.2654,2.1136,2.6898,-2.8543,7.5158,-0.941369,0,1698374928,54
0.0808,0.9585,-0.5011,0.9068,-1.27,-3.8809,0.6378,-0.5261,6.6897,0.2901,0.0279,-1.7861,0.4736,0.604,3.5962,8.0169,-0.2277,2.912,1.8015,2.6524,-2.9268,7.7573,-0.954386,0,1698374928,55
0.0933,1.0449,-0.474,1.3207,-0.8243,-3.6686,1.0524,-0.4554,6.7406,0.1814,0.1858,-1.835,0.5975,0.6402,3.813,8.2855,-0.3557,2.4398,1.478,2.6236,-2.9582,7.9981,-0.964568,0,1698374928,56
0.1067,1.1198,-0.4451,1.7444,-0.288,-3.5208,1.3872,-0.5173,7.0676,0.1406,0.2897,-1.8679,0.7397,0.5986,4.0108,8.5329,-0.4407,1.9886,1.1748,2.5905,-2.982,8.2575,-0.972478,0,1698374928,57
0.1211,1.2097,-0.4172,1.9908,0.3373,-3.5279,1.5808,-0.6846,7.5101,0.125,0.3644,-1.9625,0.8186,0.4866,4.1839,8.778,-0.4991,1.559,0.901,2.5438,-3.0006,8.5275,-0.978623,0,1698374928,58
0.1358,1.3281,-0.3923,2.0713,0.898,-3.5257,1.6792,-0.8084,8.171,0.2021,0.402,-2.1306,0.7521,0.3782,4.3222,9.0411,-0.5742,0.9389,0.6184,2.4713,-3.0256,8.7866,-0.983396,0,1698374928,59
0.1496,1.3198,-0.373,1.9618,1.5636,-3.449,1.7718,-0.8283,8.992,0.5822,0.3972,-2.2688,0.4874,0.3822,4.4034,9.3258,-0.6905,0.2084,0.3478,2.3841,-3.1066,9.0523,-0.987103,0,1698374928,60
0.1611,1.2058,-0.3643,1.5704,1.9885,-3.2727,1.7398,-0.3847,10.1087,0.8151,0.3976,-2.4392,0.0636,0.5463,4.4322,9.636,-0.8482,-0.2286,0.1418,2.3038,-3.266,9.3573,-0.989983,0,1698374928,61
0.1703,1.1064,-0.3668,1.0695,1.8422,-2.9303,1.5462,0.3368,11.3769,0.7323,0.4346,-2.6269,-0.4019,0.834,4.4495,9.9951,-1.0388,-0.3958,-0.0087,2.248,-3.4798,9.6554,-0.992219,0,1698374928,62
0.1771,1.0243,-0.3758,0.5626,1.5309,-2.5093,1.1921,0.949,12.238,0.3913,0.4864,-2.6398,-0.7881,1.1634,4.5065,10.3798,-1.2355,-0.5982,-0.095,2.2163,-3.7082,9.9537,-0.993956,0,1698374928,63
0.1814,0.8987,-0.3889,0.0805,1.1237,-2.017,0.6666,1.25,12.9902,-0.1299,0.5453,-2.4283,-1.2561,1.3802,4.7016,10.7589,-1.3891,-0.8398,-0.0998,2.2111,-3.9233,10.2721,-0.995306,0,1698374928,63
0.1834,0.7265,-0.4036,-0.2676,0.8833,-1.719,-0.022,1.2019,13.7634,-0.8683,0.5869,-1.9972,-1.5241,1.3834,4.9736,11.2019,-1.4879,-0.9788,-0.0712,2.245,-4.159,10.6789,-0.996354,0,1698374928,64
0.1836,0.5716,-0.4154,-0.3784,0.6881,-1.2906,-0.7426,0.8322,13.9484,-0.7907,0.6097,-1.3999,-1.428,1.1681,5.1942,11.7042,-1.5366,-1.3629,-0.0634,2.3069,-4.4536,11.1224,-0.997168,0,1698374928,65
0.1834,0.4398,-0.4189,-0.2576,0.1214,-0.9409,-1.5111,1.0225,13.3071,-0.0839,0.6428,-0.8082,-1.3559,0.8338,5.3344,12.2149,-1.5386,-2.1896,-0.077,2.4373,-4.8286,11.493,-0.9978,0,1698374928,66
0.1825,0.2865,-0.4114,0.0926,-0.1909,-0.8184,-2.2316,1.534,12.3404,0.6193,0.6856,-0.3511,-1.3946,0.5084,5.3953,12.7468,-1.5112,-2.7457,-0.0901,2.6982,-5.2506,11.8176,-0.998291,0,1698374928,67
0.178,0.0695,-0.3954,0.5074,0.2176,-0.8442,-2.6685,1.049,12.1049,1.4627,0.7129,-0.1435,-1.5797,0.2404,5.4034,13.2238,-1.4669,-2.8716,-0.1173,3.0098,-5.6548,12.045,-0.998671,0,1698374928,68
0.1677,-0.2287,-0.3773,0.762,0.9575,-0.647,-2.9882,0.4088,11.845,2.2068,0.7119,-0.1783,-1.8189,0.0528,5.387,13.5543,-1.3907,-3.0377,-0.2365,3.2391,-5.985,12.0801,-0.791157,0,1698374928,69
0.1526,-0.5957,-0.3624,0.8409,1.5485,-0.0191,-3.3568,0.1564,11.6661,3.1579,0.6796,-0.3101,-1.9731,-0.0437,5.2547,13.65,-1.2233,-3.2834,-0.4815,3.3861,-6.2568,11.9007,-0.406719,0,1698374928,70
0.1329,-0.9495,-0.3544,0.7461,2.3756,0.3961,-3.8339,-0.2439,11.3812,4.363,0.5948,-0.4346,-1.9856,-0.0997,4.9494,13.4392,-0.9604,-3.4648,-0.8134,3.4728,-6.4906,11.5713,-0.092653,0,1698374928,71
0.1084,-1.2435,-0.3531,0.5848,2.9814,0.4366,-4.4116,-0.1814,11.5753,4.8631,0.4702,-0.4598,-1.8632,-0.1849,4.526,13.0018,-0.6598,-3.4916,-1.2023,3.4856,-6.5752,11.1767,0.151304,0,1698374928,72
0.0824,-1.5346,-0.3528,0.4856,2.8205,0.3146,-4.7742,-0.4293,11.9056,4.6035,0.353,-0.3523,-1.6471,-0.3855,4.099,12.4084,-0.3855,-3.3462,-1.6221,3.4574,-6.4505,10.7559,0.340793,0,1698374928,73
0.0552,-1.7871,-0.349,0.5165,2.5319,0.1279,-4.9212,-1.2173,12.1149,3.9642,0.2798,-0.0661,-1.4392,-0.7113,3.7618,11.7524,-0.1928,-3.0475,-2.0554,3.4106,-6.2199,10.3304,0.487974,0,1698374928,74
0.0238,-2.1364,-0.3394,0.7274,2.4501,-0.3819,-4.7031,-2.3466,11.9671,3.82,0.2681,0.3617,-1.3433,-1.0849,3.4765,11.1373,-0.1131,-2.6254,-2.479,3.3341,-6.0065,9.9117,0.602295,0,1698374928,75
-0.0117,-2.4942,-0.3247,0.9496,1.9272,-0.5649,-4.1587,-2.841,11.3472,3.8034,0.3238,0.6129,-1.4018,-1.4817,3.2513,10.5726,-0.1611,-2.0505,-2.8744,3.2365,-5.8388,9.5429,0.69109,0,1698374928,76
-0.0483,-2.7364,-0.3074,1.1176,1.1648,-0.753,-3.6157,-2.5809,11.7368,3.0707,0.4642,0.5678,-1.6143,-1.8006,3.0926,10.1183,-0.3304,-1.2443,-3.2566,3.1302,-5.7102,9.2749,0.760058,0,1698374928,77
-0.0817,-2.9063,-0.2907,1.2712,0.7397,-1.2851,-3.0669,-2.7466,11.8889,2.9696,0.6917,0.3222,-1.9471,-1.9965,3.0142,9.8474,-0.5915,-0.3122,-3.6114,3.0014,-5.5906,9.0953,0.813379,0,1698374928,78
-0.1131,-3.0229,-0.2756,1.3153,0.3132,-1.7871,-2.5623,-2.6727,11.9108,3.2337,0.969,-0.0696,-2.3429,-2.1128,3.0205,9.7397,-0.8923,0.5499,-3.9057,2.8324,-5.4255,8.9713,0.834443,0,1698374928,79
-0.1448,-3.1195,-0.2611,1.3011,0.1754,-2.2383,-1.947,-2.6578,11.7746,3.3886,1.2602,-0.5043,-2.773,-2.0981,3.0889,9.7541,-1.1702,1.2127,-4.1326,2.6282,-5.2598,8.8991,0.657548,0,1698374928,80
-0.176,-3.1603,-0.2468,1.3423,-0.0007,-2.3493,-1.2723,-2.2796,11.1587,3.3804,1.5324,-0.8454,-3.2145,-1.9501,3.195,9.8334,-1.3708,1.6269,-4.2909,2.4501,-5.1576,8.8454,0.322517,0,1698374928,81
-0.2056,-3.1296,-0.2329,1.3888,-0.4128,-2.2208,-0.5838,-1.3566,10.7187,3.2342,1.7345,-1.1282,-3.6119,-1.7545,3.3389,9.9071,-1.4592,1.8404,-4.402,2.3521,-5.1009,8.7951,0.033026,0,1698374928,82
-0.2347,-3.1237,-0.2182,1.448,-0.5581,-2.0929,0.1598,-0.61,10.3917,3.145,1.8343,-1.3709,-3.9257,-1.509,3.5065,9.9298,-1.4223,1.9134,-4.501,2.3152,-5.0729,8.7414,-0.196354,0,1698374928,83
-0.264,-3.1868,-0.2023,1.4849,-0.5176,-1.904,0.884,-0.1838,9.9084,3.0115,1.8395,-1.4793,-4.1337,-1.2231,3.6511,9.8488,-1.2734,1.9027,-4.6069,2.3182,-5.0352,8.651,-0.372131,0,1698374928,84
-0.292,-3.1945,-0.1861,1.4941,-0.4836,-1.5963,1.6007,0.039,9.2665,2.8809,1.7736,-1.4178,-4.2407,-0.9246,3.721,9.6424,-1.047,1.8911,-4.7258,2.3402,-4.95,8.5102,-0.503877,0,1698374928,85
-0.3182,-3.1229,-0.1692,1.5502,-0.4077,-1.2584,2.2963,0.1294,8.4854,2.9379,1.6593,-1.1902,-4.2795,-0.6094,3.6953,9.2878,-0.7671,1.9672,-4.848,2.3531,-4.7983,8.3025,-0.541139,0,1698374928,86
-0.3429,-3.0322,-0.152,1.5929,-0.3786,-0.8647,2.9414,0.2857,7.8475,2.9354,1.528,-0.8021,-4.2951,-0.2913,3.596,8.7995,-0.3828,2.086,-4.9565,2.3195,-4.6069,8.0284,-0.352412,0,1698374928,87
-0.3662,-2.8831,-0.1347,1.6339,-0.5878,-0.3766,3.4944,0.8455,8.1351,2.6066,1.4174,-0.2126,-4.3166,-0.0125,3.4242,8.2752,0.1237,2.1237,-5.0272,2.2319,-4.3784,7.7027,-0.050824,0,1698374928,88
-0.3881,-2.6532,-0.1175,1.6374,-0.6847,-0.0059,3.9709,1.23,8.3937,2.4509,1.3435,0.4652,-4.3581,0.2106,3.2109,7.7594,0.6381,2.1215,-5.0463,2.1214,-4.0804,7.3423,0.183479,0,1698374928,88
-0.4088,-2.4373,-0.1005,1.6154,-0.6117,0.3101,4.3716,1.073,8.1397,2.4388,1.2844,0.9746,-4.4456,0.3803,2.9853,7.2706,1.0496,2.2476,-5.0143,2.0153,-3.7358,6.9469,0.36578,0,1698374928,89
-0.428,-2.2922,-0.0842,1.5828,-0.6563,0.7115,4.6062,0.9933,8.2308,2.2358,1.2231,1.3267,-4.6083,0.5092,2.7711,6.8744,1.3522,2.5791,-4.9851,1.9045,-3.3909,6.5539,0.507383,0,1698374928,90
-0.4458,-2.1641,-0.0687,1.5366,-0.5786,0.9824,4.6742,1.1374,8.2198,2.1832,1.1746,1.7605,-4.8138,0.593,2.606,6.5802,1.5216,2.5587,-4.9148,1.7334,-3.1201,6.1945,0.61737,0,1698374928,91
-0.4624,-2.025,-0.0544,1.4962,-0.5761,1.2209,4.6077,1.3563,8.1118,2.149,1.1328,2.2236,-5.0127,0.6082,2.4931,6.3702,1.6021,2.0665,-4.786,1.553,-2.9138,5.9016,0.7028,0,1698374928,92
-0.4778,-1.8773,-0.0413,1.4398,-0.7054,1.5646,4.4308,1.6511,8.0237,1.9063,1.0866,2.4613,-5.1842,0.5699,2.4291,6.2444,1.662,1.6765,-4.6544,1.4369,-2.7332,5.6753,0.769156,0,1698374928,93
-0.4919,-1.7444,-0.0293,1.3877,-0.8016,1.8768,4.1315,1.8881,8.0423,1.6733,1.0567,2.5242,-5.2935,0.5218,2.4176,6.1928,1.6898,1.5313,-4.4917,1.3446,-2.6108,5.4938,0.820696,0,1698374928,94
-0.5044,-1.6342,-0.0183,1.3409,-0.8439,2.1295,3.7192,1.9637,8.0165,1.6113,1.0735,2.5517,-5.2864,0.4769,2.4592,6.2269,1.7012,1.5616,-4.2929,1.2847,-2.585,5.4176,0.86073,0,1698374928,95
-0.5148,-1.4995,-0.0076,1.3121,-0.9935,2.4281,3.2285,2.017,8.0349,1.4849,1.1232,2.5228,-5.1539,0.4463,2.5357,6.3612,1.6742,1.5452,-4.0916,1.2659,-2.6069,5.4102,0.891825,0,1698374928,96
-0.523,-1.3405,0.003,1.2829,-1.1115,2.7154,2.6727,2.0037,8.1192,1.225,1.1619,2.4219,-4.9351,0.4531,2.6405,6.5809,1.5544,1.2367,-3.9464,1.2605,-2.6333,5.4309,0.915977,0,1698374928,97
-0.5291,-1.1521,0.0139,1.27,-1.2227,2.9572,2.0808,1.9209,7.9404,1.0295,1.1791,2.2933,-4.6536,0.5002,2.7636,6.8585,1.3642,0.8547,-3.8557,1.2813,-2.68,5.5021,0.934737,0,1698374928,98
-0.5326,-0.9239,0.0251,1.283,-1.2664,3.1042,1.5008,1.7494,7.9429,0.8744,1.1763,2.1252,-4.3377,0.5441,2.8838,7.166,1.1491,0.6058,-3.7213,1.3766,-2.7587,5.6637,0.949308,0,1698374928,99
-0.5327,-0.6746,0.0367,1.2644,-1.1428,3.1519,0.9728,1.4997,7.7751,1.0143,1.1255,1.8635,-4.002,0.5825,2.9985,7.4677,0.9284,0.369,-3.4909,1.5453,-2.8803,5.8927,0.960626,0,1698374928,100
