right_q,right_q_dot,left_q,left_q_dot,pelv_ang_1,pelv_ang_2,pelv_ang_3,pelv_acc_1,pelv_acc_1,pelv_acc_3,right_back_ang_x,right_back_ang_y,right_back_ang_z,right_back_acc_x,right_back_acc_y,right_back_acc_z,left_back_ang_x,left_back_ang_y,left_back_ang_z,left_back_acc_x,left_back_acc_y,left_back_acc_z,,,,Label
-0.5615,-0.828,0.0446,1.0686,-1.2186,4.1401,1.4919,1.3027,8.469,0.6658,-10.0616,-2.2351,-1.678,7.3634,-1.1123,1.7057,-1.1386,3.3649,-0.2394,7.4846,-1.2452,0.0533,0.817222,0,1698375679.7862,0
-0.5598,-0.5816,0.0535,1.0788,-1.5368,4.2138,0.8909,1.184,8.5112,0.5904,-9.5207,-4.2001,-2.3503,7.5868,-1.1485,1.7773,-0.6014,3.204,-0.0705,7.6663,-1.2661,0.0908,0.858031,0,1698375679.7965,1
-0.5556,-0.3303,0.0643,1.0786,-2.0005,4.2745,0.3039,0.9303,8.7872,0.47,-9.5761,-5.1954,-2.9373,8.2182,-0.9284,1.6627,-0.1739,3.252,0.0513,7.8157,-1.3011,0.1245,0.889729,0,1698375679.8072,2
-0.5468,-0.0337,0.076,1.0692,-2.3256,4.3132,-0.2551,0.6651,9.0881,0.0443,-9.118,-7.0294,-3.7886,8.5509,-0.8755,1.4024,0.1513,3.2195,0.0573,7.9507,-1.3386,0.0981,0.914349,0,1698375679.8162,3
-0.534,0.2812,0.0872,1.1093,-2.3114,4.258,-0.7881,0.3616,8.8587,-0.1551,-7.7754,-9.0923,-4.2223,8.4728,-1.1536,1.4739,-0.0358,3.1038,0.1292,8.1408,-1.4643,0.1227,0.933468,0,1698375679.8261,4
-0.5173,0.631,0.0985,1.1406,-2.1061,4.2304,-1.301,0.2306,8.453,-0.0069,-6.3865,-7.3838,-3.171,8.8564,-1.5061,1.8178,-0.5953,2.7456,0.2405,8.3596,-1.5154,0.1506,0.948256,0,1698375679.8359,5
-0.4969,1.0438,0.1107,1.1678,-1.5751,4.1937,-1.7088,0.126,7.821,0.4273,-5.0232,-3.1143,-1.4247,9.1888,-1.8235,2.0029,-1.5097,2.325,0.35,8.7321,-1.3469,0.2675,0.959673,0,1698375679.8464,6
-0.4743,1.3717,0.1233,1.2362,-1.0212,4.1345,-2.0443,-0.0048,7.3795,0.8365,-3.4665,1.4462,0.0621,9.3193,-1.7926,2.0483,-1.8568,1.8969,0.2671,9.0612,-0.9543,0.3686,0.968603,0,1698375679.8564,7
-0.4519,1.5099,0.1366,1.2421,-0.2697,3.9095,-2.2043,-0.2536,7.4538,1.161,-2.058,4.259,0.9127,9.4152,-1.5791,1.8962,-1.5291,1.3224,0.1823,9.2787,-0.9889,0.4202,0.975613,0,1698375679.8666,8
-0.4321,1.5497,0.1499,1.203,0.4589,3.584,-2.1632,-0.6233,7.922,1.2864,-1.4352,5.3572,1.3314,9.4866,-1.517,1.9598,-0.4284,1.0824,0.1079,9.6106,-1.3148,0.4205,0.981058,0,1698375679.8766,9
-0.4177,1.4374,0.1621,1.1891,1.0461,3.3234,-1.9541,-1.2274,8.4712,0.8559,-1.2046,5.451,1.4154,9.6585,-1.5254,2.2829,0.8791,1.9237,0.0067,10.0216,-1.5591,0.4124,0.985287,0,1698375679.8871,10
-0.4118,1.1417,0.1729,1.1314,1.5159,3.0708,-1.6485,-1.7381,9.0905,0.4018,-1.3067,4.8063,1.0103,9.9364,-1.4774,2.578,1.1576,2.7697,0.0601,10.4218,-1.8322,0.5023,0.988572,0,1698375679.8965,11
-0.4126,0.8015,0.1817,1.0406,1.5842,2.7237,-1.3063,-2.034,10.0667,0.0712,-1.6774,3.3562,0.1954,10.2837,-1.3878,2.7836,1.0364,2.227,0.03,10.7407,-1.9546,0.5249,0.991123,0,1698375679.9065,12
-0.417,0.471,0.1886,0.9582,1.6764,2.3016,-0.8718,-2.3018,10.6874,-0.4378,-2.008,1.5567,-0.5365,10.5976,-1.3676,2.9506,0.7369,0.932,-0.0342,11.021,-1.9887,0.575,0.993099,0,1698375679.9178,13
-0.4236,0.2058,0.1939,0.8378,1.6833,1.9294,-0.4133,-2.2262,11.2117,-0.9783,-2.2605,0.1299,-0.8433,10.7858,-1.4414,3.073,0.4906,-0.2682,-0.1736,11.2047,-2.0133,0.7527,0.954145,0,1698375679.9278,14
-0.4298,0.0375,0.1978,0.7129,1.5003,1.6335,0.069,-1.7401,12.2647,-1.2899,-2.5572,-0.6323,-0.8464,10.9561,-1.4092,3.0594,0.2056,-1.1621,-0.3501,11.437,-2.1003,1.0422,0.703649,0,1698375679.9389,15
-0.4339,-0.037,0.2006,0.6073,1.3557,1.4838,0.5978,-1.2725,13.0061,-1.2019,-2.8762,-0.5963,-0.7567,11.2887,-1.3498,2.951,-0.2953,-1.9714,-0.4718,11.8018,-2.1449,1.3379,0.326314,0,1698375679.9488,16
-0.4341,0.0077,0.2015,0.4696,0.9817,1.4373,1.0827,-1.0007,13.8096,-1.1578,-3.1283,-0.316,-0.8772,11.7733,-1.3755,2.8707,-0.7551,-2.8463,-0.5987,12.2057,-2.1555,1.4158,0.030201,0,1698375679.9595,17
-0.4279,0.168,0.2001,0.2616,0.4364,1.403,1.5607,-1.0437,14.7264,-0.6668,-3.2321,-0.7043,-1.4829,12.3383,-1.4259,2.9747,-1.114,-3.7125,-0.6692,12.6678,-2.1368,1.3886,-0.199812,0,1698375679.9702,18
-0.4169,0.3833,0.1932,-0.0228,1.0628,0.7163,2.1998,-0.5131,11.5768,2.0996,-2.6838,-3.7548,-3.7251,13.2175,-1.4968,3.5823,-1.893,-5.5997,-0.4204,13.4637,-1.7648,1.5044,-0.37847,0,1698375679.9822,19
-0.4045,0.5213,0.1772,-0.4455,0.9153,0.6316,2.4352,-0.0717,11.5847,3.173,-1.9929,-5.5841,-4.536,13.1805,-1.3525,3.6078,-2.0932,-6.215,-0.373,13.5113,-1.3941,1.478,-0.51724,0,1698375679.9922,20
-0.3978,0.4497,0.1548,-0.8876,1.0248,0.2658,3.0732,-0.7567,12.064,3.8236,-0.8162,-7.1695,-4.6324,12.8682,-1.171,3.6685,-2.3723,-6.3615,-0.4308,13.2056,-1.0127,1.4356,-0.625026,0,1698375680.0022,21
-0.399,0.2747,0.13,-1.2291,1.1269,0.2297,3.8789,-1.5251,12.201,3.7223,0.8169,-8.1657,-4.2207,12.577,-0.9675,3.8683,-1.7122,-6.3295,-0.7143,12.7768,-0.5793,1.4163,-0.708746,0,1698375680.0122,22
-0.4018,0.1922,0.1031,-1.6149,0.85,0.5485,4.5141,-1.4246,12.2056,3.4891,2.7595,-8.1776,-3.5268,12.3687,-0.6226,3.8917,-0.7206,-5.732,-1.0035,12.4108,-0.3872,1.5817,-0.773775,0,1698375680.0224,23
-0.4005,0.2489,0.0744,-1.9393,0.6469,0.2865,4.7296,-1.0445,11.5937,4.1239,4.8019,-6.9358,-2.5984,12.1863,-0.3579,3.7787,-0.425,-4.8895,-1.0893,12.0974,-0.5045,1.8919,-0.824284,0,1698375680.033,24
-0.3919,0.4317,0.0412,-2.2443,0.2922,-0.1283,4.4011,-0.249,10.8861,4.6405,6.9302,-5.0186,-1.5569,11.972,-0.3244,3.7416,-0.1554,-4.1602,-1.0707,11.8257,-0.6836,2.0458,-0.863516,0,1698375680.0437,25
-0.3777,0.6683,0.003,-2.6655,-0.0523,-0.0756,4.0113,0.3596,10.8916,4.6436,9.0154,-3.1724,-0.5979,11.7531,-0.4205,3.7345,0.037,-3.1301,-0.9352,11.6259,-0.9523,2.0009,-0.893989,0,1698375680.0544,26
-0.3614,0.8318,-0.0362,-2.9825,-0.3233,0.198,3.6377,0.4557,11.3067,4.7138,10.6981,-1.504,0.0779,11.7731,-0.5636,3.6619,0.172,-2.1826,-0.6885,11.4853,-1.2444,1.9275,-0.917658,0,1698375680.0653,27
-0.3457,0.936,-0.074,-3.0817,-0.688,0.575,3.2649,0.5162,12.0191,4.4848,12.8683,-1.8954,0.5228,11.8071,-0.388,3.3706,0.5325,-1.5148,-0.2856,11.4363,-1.475,1.8639,-0.936043,0,1698375680.0769,28
-0.3306,1.0521,-0.1105,-3.0558,-0.9312,0.9471,2.891,0.2716,12.2284,4.3788,15.1684,-3.7308,0.0903,11.8154,0.0825,3.1502,1.213,-0.8819,0.3436,11.5105,-1.5652,1.7433,-0.95031,0,1698375680.0875,29
-0.3154,1.1578,-0.1464,-3.0008,-1.1926,1.1313,2.4634,-0.1488,12.4918,4.2714,14.3363,-5.4138,-1.6058,11.9784,0.4632,3.2024,2.0739,-0.2343,1.0981,11.5497,-1.5349,1.5628,-0.961377,0,1698375680.0983,30
-0.2995,1.2742,-0.1805,-2.947,-1.3666,1.0928,1.9898,-0.726,12.5477,3.9976,12.0154,-6.1194,-2.4612,11.9347,0.1084,3.6907,2.8483,0.2482,1.7498,11.4467,-1.4364,1.3505,-0.969986,0,1698375680.108,31
-0.283,1.3655,-0.2125,-2.9036,-1.5623,1.0502,1.4583,-1.2257,11.904,3.6313,10.6277,-5.5707,-1.856,11.6763,-0.3546,4.2602,3.3901,0.536,2.164,11.2687,-1.2764,1.1478,-0.976687,0,1698375680.1186,32
-0.2659,1.4302,-0.2455,-2.8572,-1.6427,0.9301,0.8563,-1.3759,11.0903,3.3219,9.0453,-5.6847,-1.1131,11.3313,-0.1326,4.094,3.6993,0.7733,2.3067,11.0219,-1.0134,0.9822,-0.981892,0,1698375680.1289,33
-0.248,1.499,-0.2773,-2.8993,-1.5535,0.6673,0.1876,-1.2759,10.3748,3.118,7.5972,-6.035,-0.4075,10.9128,0.1363,3.7177,3.9293,0.9865,2.15,10.7342,-0.6951,0.8556,-0.985935,0,1698375680.1388,34
-0.2297,1.5304,-0.3052,-2.8948,-1.6009,0.4146,-0.5125,-1.1319,9.9773,2.8008,6.7537,-5.3781,0.3571,10.5581,0.2465,3.5198,4.5272,1.0609,1.6712,10.4376,-0.4392,0.7068,-0.988956,0,1698375680.1492,35
-0.2103,1.6255,-0.3307,-2.7876,-1.4895,0.1203,-1.1935,-1.1301,9.4497,2.5657,6.3857,-3.7405,1.1069,10.2446,0.2666,3.2685,5.3469,1.117,1.0616,10.147,-0.3982,0.5095,-0.991302,0,1698375680.1592,36
-0.1898,1.7486,-0.3543,-2.6699,-1.2666,-0.2055,-1.869,-1.311,8.7966,2.4966,6.306,-1.532,1.8478,9.9226,0.2315,2.8928,5.5141,1.2126,0.5795,9.8313,-0.4831,0.3337,-0.993244,0,1698375680.1696,37
-0.1687,1.7947,-0.3776,-2.5442,-1.1472,-0.4406,-2.524,-1.4551,8.5315,2.2807,6.7291,1.1703,2.7514,9.5768,0.1262,2.5607,5.0636,1.0124,0.2341,9.4189,-0.524,0.1392,-0.994753,0,1698375680.18,38
-0.1471,1.8057,-0.399,-2.4105,-0.8413,-0.7732,-3.0899,-1.6829,8.2641,2.1043,7.8144,3.9433,3.7421,9.1756,0.008,2.299,4.4947,0.3806,-0.0394,8.9565,-0.5373,-0.0528,-0.995924,0,1698375680.1902,39
-0.1261,1.8452,-0.4175,-2.2877,-0.6728,-1.1994,-3.5636,-1.9093,7.7908,2.0615,9.5326,6.3187,4.5789,8.7124,-0.0325,2.138,3.7741,-0.3062,-0.1597,8.5161,-0.5775,-0.2022,-0.996834,0,1698375680.1996,40
-0.107,1.9278,-0.4347,-2.1665,-0.582,-1.6037,-3.9511,-1.9406,7.3394,1.9594,11.9997,8.1467,5.2306,8.1591,0.0396,2.1674,3.2145,-0.48,-0.1117,8.1005,-0.5778,-0.3201,-0.997541,0,1698375680.2098,41
-0.0892,1.9489,-0.4509,-2.0417,-0.3248,-2.0116,-4.2171,-1.9938,7.0749,1.8458,14.631,9.5095,5.7411,7.5955,0.138,2.1945,3.2902,0.1494,-0.037,7.7196,-0.5472,-0.2994,-0.99809,0,1698375680.2201,42
-0.072,1.8794,-0.4663,-1.9504,-0.2069,-2.3684,-4.353,-2.1414,6.9724,1.6646,16.8605,10.4121,6.0447,7.1048,0.2665,2.1731,3.2144,1.3251,0.2537,7.4086,-0.4506,-0.266,-0.998516,0,1698375680.2298,43
-0.0569,1.7595,-0.4808,-1.8469,-0.1493,-2.7154,-4.3538,-2.3072,6.9144,1.5059,18.486601,10.8396,6.0308,6.7432,0.3033,2.2043,2.0783,2.5136,0.5435,6.996,0.2943,-0.2309,-0.998848,0,1698375680.2399,44
-0.0432,1.6133,-0.4949,-1.7085,-0.1078,-3.6599,-4.026,-2.4518,6.8736,1.5048,18.163799,9.644,4.9602,6.268,0.4527,2.3184,6.3542,1.4536,0.1175,6.2549,1.187,-1.1395,-0.999105,0,1698375680.2534,45
-0.0313,1.4483,-0.508,-1.5509,-0.0613,-4.1353,-3.7222,-2.5721,6.781,1.3981,16.6765,8.2242,4.0422,6.1258,0.5776,2.3832,11.8296,2.2129,-0.4299,6.2116,1.2044,-1.0497,-0.999305,0,1698375680.2646,46
-0.0229,1.2608,-0.5187,-1.3956,-0.1778,-4.496,-3.3764,-2.5043,6.7449,1.157,14.554,6.4149,3.0072,6.0888,0.6823,2.4581,12.7548,3.5679,-0.3489,6.2506,0.6906,-0.7125,-0.99946,0,1698375680.2752,47
-0.0168,1.0993,-0.526,-1.1997,-0.4991,-4.7344,-2.9927,-2.3902,7.0435,0.858,12.2595,4.4898,2.0021,6.1454,0.7289,2.5403,10.0068,4.0051,0.0422,6.3368,0.3059,-0.547,-0.999581,0,1698375680.2854,48
-0.0118,0.9762,-0.53,-0.9903,-0.8007,-4.8974,-2.5634,-2.2735,7.3916,0.5996,10.0921,3.0541,1.1617,6.269,0.7223,2.6429,5.9558,3.0817,0.5436,6.5107,0.1137,-0.4983,-0.999674,0,1698375680.2967,49
-0.0063,0.8861,-0.5316,-0.7736,-0.8773,-5.0769,-2.103,-2.1024,7.4031,0.5459,8.1538,2.2066,0.5746,6.4687,0.6891,2.682,2.5144,0.4335,1.0839,6.7205,-0.054,-0.6447,-0.999747,0,1698375680.3074,51
0.0009,0.8688,-0.5313,-0.5491,-0.8286,-5.1848,-1.6014,-1.8773,7.1343,0.6041,6.5699,1.7178,0.1953,6.7486,0.6524,2.6148,1.7349,-1.0286,1.3127,7.2134,0.0911,-0.4847,-0.999803,0,1698375680.3187,52
0.0109,0.9175,-0.5279,-0.2737,-0.8964,-5.1331,-1.0414,-1.6375,7.5346,0.3201,5.3353,1.6604,0.0532,7.066,0.6202,2.5848,-0.3883,-0.3355,1.5117,7.9867,0.0025,0.7503,-0.999847,0,1698375680.3289,53
0.0232,0.9855,-0.5193,0.0983,-0.8937,-4.9267,-0.4393,-1.7562,7.7875,-0.0705,4.667,1.9276,0.3135,7.3617,0.532,2.5529,-3.3574,0.1585,1.7097,8.3751,0.1264,1.3122,-0.999881,0,1698375680.3393,54
0.037,1.0814,-0.5037,0.5418,-0.9359,-4.4298,0.1382,-1.6813,7.532,-0.4039,4.4862,1.8599,0.7731,7.6234,0.4769,2.4258,-4.5243,0.3002,1.648,8.5076,0.3586,0.9588,-0.999908,0,1698375680.3501,55
0.0522,1.2058,-0.4823,1.0103,-0.8852,-3.9595,0.6942,-1.2693,7.6428,-0.5185,4.3952,1.4077,1.1829,7.888,0.4772,2.2931,-4.6134,-0.0243,1.2804,8.7083,0.2178,0.7335,-0.999928,0,1698375680.3597,56
0.0676,1.2861,-0.4583,1.4458,-0.5041,-3.6846,1.1883,-1.007,7.6936,-0.3717,4.3961,0.9201,1.4645,8.165,0.4645,2.2021,-3.8134,-0.3668,0.8637,8.976,-0.1544,0.6553,-0.999944,0,1698375680.37,57
0.0831,1.3102,-0.4335,1.7257,-0.1041,-3.3713,1.5635,-0.7122,7.8859,-0.2794,4.4428,0.4953,1.5291,8.4746,0.4758,2.1645,-2.6517,-0.2237,0.4113,9.31,-0.465,0.6643,-0.999957,0,1698375680.3798,58
0.0985,1.3379,-0.4097,1.8278,0.1827,-3.1646,1.8098,-0.5542,8.2189,-0.0602,4.5575,0.254,1.4352,8.8746,0.5102,2.2254,-2.0281,0.2232,0.0549,9.5663,-0.6214,0.5205,-0.999966,0,1698375680.3903,59
0.1132,1.3317,-0.3878,1.8039,0.5461,-3.0654,1.9048,-0.7175,8.86,0.1727,4.8452,0.1203,1.2992,9.3206,0.4787,2.5127,-2.5629,0.6675,-0.0073,9.8081,-0.665,0.4094,-0.999974,0,1698375680.4007,60
0.1269,1.3031,-0.3724,1.5975,1.1403,-2.8895,1.8891,-1.0074,9.3682,0.8873,5.0123,0.2363,1.1475,9.7776,0.4216,2.8447,-2.4159,0.6027,-0.2754,10.0432,-0.5984,0.2292,-0.99998,0,1698375680.4112,61
0.1386,1.2696,-0.3681,1.2341,1.4015,-2.6847,1.6877,-0.7707,10.2899,1.4442,4.7502,0.9527,0.9922,10.2887,0.4118,3.0881,-2.3213,-0.2274,-0.2979,10.4081,-0.8576,0.0655,-0.999984,0,1698375680.4217,62
0.148,1.184,-0.372,0.8233,1.4775,-2.4302,1.3208,-0.3498,11.5572,1.3655,4.0566,2.0043,0.7813,10.7747,0.3851,3.2942,-2.6526,-1.4977,-0.0001,10.8605,-1.2558,0.0477,-0.999988,0,1698375680.4321,63
0.1552,1.054,-0.3808,0.4322,1.5098,-1.8296,0.1845,0.255,12.9262,0.6154,1.549,3.1119,0.0706,11.3933,0.1792,3.3551,-1.8897,-2.11,0.5423,11.7123,-1.6273,0.0614,-0.999991,0,1698375680.4438,64
0.1605,0.8886,-0.3918,0.0926,1.5727,-1.5811,-0.4493,-0.0205,13.0512,-0.0761,-0.0652,2.7722,-0.4093,11.5714,0.1572,3.3854,-0.3352,-1.5036,0.5869,11.9208,-0.9503,0.0298,-0.999993,0,1698375680.4543,65
0.1637,0.7212,-0.4015,-0.1353,1.4783,-1.3028,-1.0702,-0.2044,13.1223,-0.479,-1.6309,2.1682,-0.8518,11.7654,0.2101,3.6152,1.5258,-0.8169,0.4401,12.099,-0.5217,0.0015,-0.998749,0,1698375680.4648,66
0.1653,0.5755,-0.4059,-0.136,1.0744,-0.8217,-1.5193,-0.4696,13.8053,-0.39,-3.2357,0.939,-1.3337,11.9842,0.2336,4.1102,2.0297,-0.4055,0.6311,12.3133,-0.8041,-0.0999,-0.968851,0,1698375680.4752,67
0.1658,0.4521,-0.4019,0.0736,0.8637,-0.7368,-1.805,-1.3782,14.3864,0.2618,-4.9329,-1.0077,-2.0633,12.2533,0.3531,4.716,1.7683,-1.1886,0.9695,12.5707,-0.8468,-0.2671,-0.9344,0,1698375680.4849,68
0.1651,0.2899,-0.39,0.3825,0.5186,-0.4826,-2.1454,-1.4813,14.0715,1.0177,-6.3083,-3.4376,-3.045,12.5398,0.4777,5.147,1.6633,-2.793,1.2315,13.0066,-0.888,-0.259,-0.931998,0,1698375680.4951,69
0.1612,0.0568,-0.3718,0.7032,0.1031,0.3378,-2.4686,-1.0028,13.6395,1.6067,-7.7507,-5.976,-4.1824,12.7688,0.4334,5.4245,0.8011,-3.9259,1.4861,13.392,-1.1696,-0.1119,-0.942605,0,1698375680.5076,70
0.1497,-0.2486,-0.3508,0.899,0.3164,0.7577,-2.7751,-1.0096,13.568,2.6397,-9.1455,-8.136,-5.0677,12.9055,0.1825,5.5658,-0.0748,-4.2434,1.3533,13.4855,-1.3255,0.1012,-0.955419,0,1698375680.5185,71
0.13,-0.6413,-0.3335,0.9282,0.6227,0.916,-3.1077,-0.9902,13.3203,3.7721,-10.4751,-9.6774,-5.4928,12.8687,-0.2214,5.6146,-0.4619,-3.897,0.8683,13.3796,-1.4533,0.2641,-0.965373,0,1698375680.5287,72
0.1058,-1.0069,-0.3262,0.7606,1.1597,1.1975,-3.4419,-1.196,13.1982,4.2729,-11.8402,-10.3539,-5.3653,12.6022,-0.5776,5.5589,-0.7133,-3.2051,0.3118,13.1391,-1.7036,0.3618,-0.973104,0,1698375680.5386,73
0.0799,-1.3377,-0.327,0.5054,1.4533,1.6922,-3.8838,-1.1682,12.8129,4.2025,-12.5622,-10.0042,-4.5718,12.1667,-0.7714,5.4019,-0.8693,-2.7675,-0.1384,12.762,-2.0158,0.4072,-0.979109,0,1698375680.5486,74
0.0528,-1.6631,-0.329,0.3865,1.2083,1.9307,-4.2526,-0.9226,12.1747,3.9791,-12.4106,-8.9623,-3.3777,11.6344,-0.8009,5.2774,-0.9333,-2.6363,-0.3968,12.3315,-2.1771,0.4507,-0.983774,0,1698375680.559,75
0.0228,-1.9178,-0.3267,0.46,0.6925,1.8996,-4.1139,-1.8004,12.1333,4.2025,-11.4586,-7.5794,-2.1409,11.1189,-0.7853,5.1888,-0.7794,-1.9899,-0.6504,12.0508,-2.1933,0.3912,-0.984507,0,1698375680.5687,76
-0.0091,-2.1366,-0.3178,0.636,-0.0209,1.6359,-3.6414,-3.7828,12.5411,3.9177,-9.9428,-6.0136,-1.1419,10.7481,-0.7115,5.0738,-1.5325,-0.8692,-0.7937,11.8341,-2.2942,0.7631,-0.87233,0,1698375680.5787,77
-0.042,-2.4335,-0.3037,0.8581,-0.5341,1.5035,-3.2053,-4.6447,12.3637,2.978,-8.3385,-4.4906,-0.4937,10.4074,-0.6191,4.9162,-2.7728,0.263,-0.7669,11.611,-2.3163,1.2708,-0.780098,0,1698375680.5888,78
-0.0756,-2.6726,-0.2867,1.067,-0.9114,1.2848,-2.807,-4.1559,11.8503,2.7167,-6.9279,-3.1969,-0.1777,10.0383,-0.4348,4.7131,-3.2956,0.7972,-0.7657,11.4182,-2.0981,1.3382,-0.817966,0,1698375680.6,79
-0.1106,-2.7142,-0.2685,1.1731,-0.9241,0.4221,-2.3485,-4.1445,11.7913,2.8526,-6.0972,-2.1528,-0.3124,9.8449,-0.0883,4.4985,-3.6778,0.158,-0.7665,11.2013,-1.9446,1.3423,-0.855369,0,1698375680.6099,80
-0.1441,-2.7734,-0.2507,1.2515,-0.7277,-0.5002,-1.7725,-4.4152,11.7925,3.196,-6.1994,-1.2038,-0.9249,9.8877,0.2188,4.4143,-4.3104,-0.9009,-0.52,11.1901,-2.1761,1.3128,-0.887661,0,1698375680.6204,81
-0.1746,-2.8505,-0.2338,1.2975,-0.6783,-1.1774,-1.1938,-4.0535,11.6927,3.5005,-7.1063,-0.1368,-1.6997,10.0203,0.2866,4.4326,-4.4635,-1.685,-0.1683,11.2679,-2.2802,1.3663,-0.912743,0,1698375680.6307,82
-0.2057,-2.8519,-0.2171,1.358,-0.513,-1.6421,-0.5842,-3.0162,11.4965,3.4376,-8.27,0.8487,-2.3382,10.0594,0.2101,4.4161,-3.6424,-1.7291,-0.0528,11.2266,-2.2159,1.3572,-0.932225,0,1698375680.6408,83
-0.2354,-2.8808,-0.2009,1.4529,-0.2269,-1.999,0.7662,-1.2427,10.2871,3.2644,-9.8553,2.2278,-2.4958,9.872,-0.1596,4.0041,-2.6776,-0.0926,-0.464,10.7462,-2.2871,1.3053,-0.947357,0,1698375680.652,84
-0.2655,-2.9308,-0.1838,1.5453,-0.2748,-1.9257,1.418,-0.3181,9.7379,3.1278,-9.7848,2.918,-2.0302,9.6999,-0.4201,3.7556,-3.0444,-0.8322,-0.8023,10.2331,-2.282,1.0786,-0.959094,0,1698375680.6625,85
-0.2961,-2.8642,-0.1658,1.6032,-0.4177,-1.7708,2.0129,0.2278,9.157,3.0393,-9.3236,3.7004,-1.2826,9.5594,-0.7194,3.4629,-3.1435,-1.7331,-1.2704,9.7404,-2.108,0.8305,-0.96821,0,1698375680.6734,86
-0.3251,-2.788,-0.1475,1.6226,-0.6088,-1.5175,2.5884,0.4739,8.6963,2.9429,-8.5938,4.6336,-0.182,9.3866,-0.9983,3.239,-3.0731,-1.3497,-1.6485,9.3307,-1.9823,0.6681,-0.975307,0,1698375680.6845,87
-0.3536,-2.7154,-0.1292,1.6252,-0.6925,-1.2023,3.164,0.5226,8.2136,2.8682,-7.4986,5.6286,1.0861,9.1756,-1.1458,3.0498,-3.1112,-0.8985,-2.0164,8.9161,-1.8274,0.4596,-0.98082,0,1698375680.6957,88
-0.3815,-2.6185,-0.111,1.5993,-0.6637,-0.816,3.6512,0.5764,7.7539,2.8094,-6.336,6.1791,2.0796,8.9175,-1.1919,2.7158,-3.2005,-1.0193,-2.3864,8.5459,-1.4959,0.2474,-0.985102,0,1698375680.7065,89
-0.4073,-2.5548,-0.093,1.5751,-0.6209,-0.4487,4.0287,0.7094,7.4191,2.827,-5.4893,6.2487,2.7746,8.5787,-1.17,2.4037,-3.2281,-0.9913,-2.5418,8.262,-1.2387,0.0906,-0.988429,0,1698375680.7181,90
-0.4314,-2.4532,-0.0755,1.5379,-0.5033,-0.1011,4.3143,0.802,7.1801,2.8362,-5.0259,5.9934,3.1304,8.1879,-1.0822,2.23,-2.9854,0.2601,-2.619,8.0277,-1.0558,-0.0251,-0.991012,0,1698375680.7287,91
-0.453,-2.3346,-0.0586,1.4864,-0.291,0.3904,4.4628,1.2919,6.9544,2.5164,-5.0358,5.1339,3.094,7.8084,-0.8733,2.0766,-1.4538,3.2859,-2.8434,7.8345,-0.7721,-0.0983,-0.791746,0,1698375680.7386,92
-0.4704,-2.1696,-0.043,1.4244,-0.2709,0.8983,4.4844,1.9304,7.1466,2.012,-5.7235,3.8058,2.649,7.4573,-0.5401,1.9086,1.2433,6.8982,-3.2964,7.7731,-0.2475,-1.2949,-0.413699,0,1698375680.7487,93
-0.4851,-1.9468,-0.0284,1.4371,-0.3883,1.3081,4.3973,2.201,7.3875,1.7881,-6.8602,2.5637,1.9965,7.1519,-0.2949,1.8419,1.4523,7.2029,-3.1693,7.6701,-0.2151,-2.4985,-0.098062,0,1698375680.7593,94
-0.4983,-1.7444,-0.0138,1.4781,-0.3039,1.6707,4.2137,2.4146,7.4044,1.704,-8.0788,1.5223,1.4054,6.8928,-0.194,1.8546,0.0109,3.5672,-2.8278,7.3456,-0.466,-2.4159,0.147094,0,1698375680.7705,95
-0.5098,-1.6021,0.0014,1.4745,-0.1284,1.9882,3.9449,2.5966,7.2866,1.7196,-9.3432,0.71,0.8534,6.7028,-0.1957,1.9141,-0.6442,1.3202,-2.6357,7.1688,-0.6644,-1.889,0.337515,0,1698375680.7808,96
-0.5184,-1.4238,0.0156,1.4866,-0.1335,2.3481,3.6058,2.6062,7.2897,1.7598,-10.3654,0.0552,0.33,6.5816,-0.3243,2.0114,-1.5332,1.8664,-2.0937,7.1152,-1.0346,-1.3684,0.471848,0,1698375680.7905,97
-0.5239,-1.2042,0.0287,1.4974,-0.1358,2.8067,3.2035,2.398,7.399,1.6598,-11.1082,-0.6145,-0.2316,6.556,-0.4972,2.0739,-2.2927,2.4934,-1.6958,7.049,-1.1459,-1.0802,0.356108,0,1698375680.8013,98
-0.5271,-1.0086,0.0409,1.4657,-0.0686,3.2548,2.7146,2.1106,7.5066,1.4982,-11.3503,-1.3869,-0.8485,6.6817,-0.6745,2.1898,-2.7147,1.3997,-1.396,7.066,-1.221,-0.8783,0.056531,0,1698375680.811,99
-0.5283,-0.7846,0.0533,1.4,-0.5367,3.9524,1.5544,1.8042,8.3716,0.8176,-12.3537,-0.5654,-1.7038,7.5842,-0.6839,1.624,-2.6505,0.7322,-0.845,7.4736,-1.1589,-0.3665,-0.179328,0,1698375680.8227,0
-0.5276,-0.5479,0.0659,1.3145,-0.7736,4.1772,0.9821,1.5142,8.5093,0.4525,-12.3552,-0.0509,-2.2008,7.82,-0.6102,0.8047,-2.3604,1.6755,-0.6014,7.6503,-1.1948,-0.2518,-0.188732,0,1698375680.8336,1
-0.524,-0.3122,0.0781,1.2236,-1.0992,4.2077,0.4063,1.0588,8.2533,0.3702,-11.4172,-2.4192,-3.0504,7.6699,-0.6594,0.4788,-2.2611,1.9421,-0.3773,7.7818,-1.2353,-0.2162,0.027122,0,1698375680.8447,2
-0.5158,-0.0029,0.0901,1.1762,-1.3759,4.1709,-0.2122,0.6863,7.8468,0.5222,-10.2703,-1.6638,-2.6706,8.1684,-0.7497,0.9465,-2.2658,1.447,-0.0413,7.9337,-1.2747,-0.2345,0.244225,0,1698375680.8556,3
-0.5026,0.3545,0.1021,1.1727,-1.48,4.116,-0.8154,0.4401,7.5927,0.6771,-7.5872,1.4497,-1.4442,8.5304,-1.3934,1.3411,-2.3206,1.1238,0.2342,8.2268,-1.3732,-0.2112,0.412945,0,1698375680.8665,4
-0.4856,0.6814,0.1144,1.1511,-1.3419,4.0451,-1.3767,0.1748,7.5801,0.7082,-4.8607,4.3733,-0.3212,8.7883,-1.8068,1.5669,-2.4322,1.5476,0.2905,8.5677,-1.4692,-0.1638,0.544017,0,1698375680.8775,5
-0.466,0.9369,0.1275,1.1296,-0.9696,4.181,-1.8196,-0.092,7.7379,0.6473,-2.4422,5.2816,0.142,9.1009,-1.7142,1.4739,-2.8171,2.6302,0.2508,8.6441,-1.6919,-0.1187,0.645825,0,1698375680.8878,6
-0.446,1.1058,0.1403,1.1624,-0.3361,4.1016,-2.1295,-0.3614,7.6178,0.9384,-1.57,4.027,0.0476,9.2053,-1.79,1.3763,-3.428,2.8455,0.2412,8.5108,-1.9803,-0.3269,0.724852,0,1698375680.8979,7
-0.4275,1.2398,0.1524,1.1623,0.3741,3.7264,-2.3062,-0.711,7.5381,1.2688,-2.0319,2.4476,0.051,9.3529,-1.9101,1.634,-2.983,2.0754,0.3352,8.6662,-2.2059,-0.6238,0.785525,0,1698375680.9086,8
-0.4118,1.2657,0.1647,1.1406,0.7953,3.4818,-2.3353,-1.0398,8.1754,0.9897,-2.2441,0.9881,0.08,9.6028,-1.8888,1.854,-1.0446,2.3575,0.3425,9.133,-2.2769,-0.5428,0.832701,0,1698375680.9194,9
-0.4022,1.0725,0.1767,1.146,1.2963,3.2475,-2.2088,-1.366,8.9797,0.4015,-2.6689,-0.1984,-0.0278,9.9174,-1.8655,2.0297,0.7226,3.0905,0.2562,9.6047,-2.1482,-0.2719,0.870054,0,1698375680.9297,10
-0.4012,0.7616,0.187,1.1163,1.631,2.9581,-1.9298,-1.6511,9.8321,-0.0019,-3.1786,-1.3219,-0.2147,10.2599,-1.8442,2.137,1.7595,2.8929,0.0946,10.0619,-2.0915,-0.0915,0.899067,0,1698375680.9397,11
-0.4054,0.4361,0.1954,1.0641,1.7153,2.5714,-1.5163,-1.9296,10.763,-0.2846,-3.6197,-2.3266,-0.3232,10.5866,-1.8469,2.2772,1.7723,2.0202,0.0543,10.5049,-2.0958,0.0297,0.919043,0,1698375680.9499,12
-0.4118,0.159,0.2022,0.9956,1.8618,2.2302,-0.9872,-2.0859,11.3295,-0.8358,-3.9257,-3.0525,-0.2635,10.8713,-1.7972,2.4707,0.9676,0.8403,0.0511,10.9033,-2.0019,0.1158,0.873388,0,1698375680.9601,13
-0.4198,-0.0543,0.2081,0.8969,1.9406,1.8291,0.2598,-1.4553,12.2894,-1.676,-3.8496,-2.574,0.2511,11.3448,-1.5769,2.7108,-0.6366,-1.1499,-0.0805,11.5751,-1.8682,0.4201,0.68434,0,1698375680.9724,14
-0.4279,-0.1898,0.2131,0.762,1.9089,1.6237,0.8449,-1.0978,13.3318,-1.5643,-3.5103,-1.6357,0.3378,11.6958,-1.5618,2.848,-1.8298,-2.3079,-0.0903,12.0844,-1.9192,0.6708,0.38654,0,1698375680.9836,15
-0.431,-0.1488,0.2155,0.6075,1.6441,1.4438,1.3641,-0.9679,13.863,-0.6652,-3.2203,-1.1047,-0.2486,12.2132,-1.5819,2.9811,-2.731,-3.3131,-0.0314,12.6222,-1.9751,0.8399,0.088105,0,1698375680.9952,16
-0.4259,0.0854,0.215,0.4232,1.0898,1.4191,1.7435,-0.6655,13.9263,0.3637,-2.6388,-0.8251,-1.3645,12.8652,-1.6536,3.1849,-2.9273,-3.7282,0.0885,13.1557,-1.9234,0.9696,-0.154836,0,1698375681.008,17
-0.4147,0.3689,0.2095,0.1383,1.3163,0.9721,2.0859,-0.6837,14.3352,0.9699,-1.8199,-1.1764,-2.6812,13.3316,-1.7985,3.521,-2.808,-3.755,0.2728,13.6572,-1.7664,1.107,-0.343536,0,1698375681.0178,18
-0.4032,0.5349,0.196,-0.2699,1.828,0.5269,2.5249,-0.956,13.7869,1.9961,-0.9111,-2.477,-3.8325,13.4864,-1.7155,3.7647,-2.5764,-3.8797,0.3461,13.8267,-1.466,1.1175,-0.490105,0,1698375681.0277,19
-0.3974,0.4868,0.1752,-0.7791,1.5888,0.4495,2.9954,-0.6979,12.6401,3.2837,0.1663,-4.168,-4.3749,13.371,-1.4527,3.8922,-2.3113,-4.1888,0.2138,13.6307,-1.0666,1.0722,-0.60395,0,1698375681.0383,20
-0.3982,0.3072,0.1494,-1.3216,1.0307,0.5548,3.5892,-0.2363,12.5352,3.711,1.5051,-5.3844,-4.2968,13.1233,-1.2445,3.9792,-1.4509,-4.5158,-0.1165,13.2879,-0.6142,1.0279,-0.692376,0,1698375681.0482,21
-0.4019,0.1728,0.1213,-1.7067,0.5281,0.7439,4.3189,-0.237,12.5494,3.6642,3.0946,-5.7045,-3.7964,12.8275,-1.0198,3.9169,-0.3532,-4.2031,-0.477,12.8832,-0.3305,1.1344,-0.761059,0,1698375681.0582,22
-0.402,0.2031,0.0914,-1.9331,0.4795,0.5533,4.9539,-0.8101,12.4431,4.0526,4.9548,-5.3038,-3.0643,12.4644,-0.7041,3.7288,0.2072,-3.5205,-0.7237,12.4181,-0.3164,1.3713,-0.814402,0,1698375681.0681,23
-0.3956,0.3557,0.0595,-2.1981,0.4366,0.6584,5.0985,-0.6928,12.3827,4.1529,6.6152,-4.3569,-2.2324,12.0466,-0.4546,3.5821,0.501,-3.032,-0.9146,11.9264,-0.3977,1.5989,-0.734681,0,1698375681.078,24
-0.384,0.5574,0.0253,-2.4352,-0.3193,1.1831,4.8026,-0.0971,11.7451,3.9577,7.9969,-3.2115,-1.4191,11.6221,-0.3888,3.4638,0.6329,-2.4754,-0.9869,11.5496,-0.6188,1.7412,-0.453784,0,1698375681.0889,25
-0.3694,0.7781,-0.0118,-2.5599,-0.9482,1.5106,4.4297,0.2252,11.526,3.8147,9.2466,-2.4053,-0.7841,11.3089,-0.5029,3.4215,0.6766,-1.8828,-0.9383,11.339,-0.9391,1.7865,-0.139477,0,1698375681.0987,26
-0.3551,0.9075,-0.0487,-2.7212,-1.1385,1.6764,3.9917,0.4075,11.8502,3.8271,10.1354,-1.5933,-0.3411,11.3942,-0.6985,3.4794,0.7838,-1.316,-0.7497,11.2465,-1.2668,1.8711,0.090986,0,1698375681.1086,27
-0.3424,0.9798,-0.0832,-2.8658,-1.3076,1.8332,3.5612,0.2556,12.3298,4.0435,11.4683,-2.6789,-0.1921,11.3765,-0.7536,3.8013,1.1193,-0.8195,-0.3451,11.3443,-1.4849,1.963,0.209472,0,1698375681.1188,28
-0.3297,1.0435,-0.1174,-3.021,-1.5147,2.0718,3.1254,-0.0228,12.4093,4.2451,13.7683,-5.9551,-1.0172,11.2842,-0.203,3.6932,1.7583,-0.3811,0.2871,11.5708,-1.5514,1.9938,0.098,0,1698375681.129,29
-0.3159,1.1446,-0.1513,-3.1717,-1.7839,2.1923,2.6582,-0.4181,12.3776,4.187,14.0966,-8.1786,-2.5631,11.5869,0.1783,3.6611,2.5682,0.1044,1.0211,11.6882,-1.5144,1.9717,-0.145307,0,1698375681.1389,30
-0.3012,1.2463,-0.1844,-3.1571,-1.8378,2.0491,2.1164,-0.9953,12.1335,3.9027,12.6124,-7.5485,-2.9927,11.7432,-0.2177,4.4735,3.2365,0.6203,1.655,11.5907,-1.4081,1.9108,-0.336092,0,1698375681.1492,31
-0.2852,1.282,-0.2168,-3.195,-1.878,1.8781,1.4816,-1.3237,11.4005,3.5458,11.6325,-5.4919,-2.1707,11.5559,-0.3508,4.8098,3.678,1.0169,1.977,11.3273,-1.2309,1.8017,-0.484317,0,1698375681.159,32
-0.2684,1.3432,-0.248,-3.2707,-1.8343,1.6065,0.7636,-1.4114,10.8066,3.2446,10.5382,-4.9708,-1.4062,11.187,-0.0315,4.3859,4.0209,1.1587,1.9706,10.9736,-1.0081,1.6397,-0.599453,0,1698375681.1686,33
-0.2519,1.4414,-0.2772,-3.212,-1.56,1.1159,0.0185,-1.6715,10.0927,3.0445,9.3355,-5.6159,-0.7825,10.7601,0.2086,3.9115,4.4671,1.0873,1.6733,10.5928,-0.7601,1.435,-0.688884,0,1698375681.1791,34
-0.2337,1.5415,-0.3037,-3.03,-1.2685,0.6693,-0.7385,-1.7452,9.3031,2.8445,8.4132,-5.9457,-0.0416,10.3745,0.2308,3.6626,5.0651,0.8631,1.1493,10.2173,-0.5641,1.2167,-0.758347,0,1698375681.189,35
-0.2143,1.6244,-0.3278,-2.8609,-0.9748,0.3036,-1.5275,-1.646,8.7191,2.6322,7.9806,-5.4775,0.735,10.1483,0.201,3.3403,5.4494,0.6694,0.5863,9.8532,-0.4906,1.0386,-0.812301,0,1698375681.1992,36
-0.1942,1.662,-0.3511,-2.7636,-0.5132,-0.1542,-2.321,-1.6287,8.1872,2.4839,7.936,-4.2438,1.5981,9.991,0.1543,2.8233,5.4088,0.4712,0.1158,9.4764,-0.4822,0.8447,-0.854208,0,1698375681.2095,37
-0.1728,1.7169,-0.3727,-2.5921,-0.0038,-0.8396,-3.0456,-1.5636,7.8809,2.3866,8.3547,-1.7721,2.5174,9.6441,0.105,2.6471,5.0968,-0.0594,-0.2199,9.0861,-0.5,0.6403,-0.886759,0,1698375681.2202,38
-0.1505,1.7896,-0.3914,-2.4244,0.3876,-1.3669,-3.6416,-1.528,7.7171,2.2252,9.2714,1.6783,3.4871,9.2278,0.0779,2.6318,4.5938,-0.7613,-0.3775,8.7167,-0.5782,0.4963,-0.912043,0,1698375681.2301,39
-0.1286,1.875,-0.4083,-2.3068,0.7189,-1.589,-4.1105,-1.4712,7.4546,2.0577,10.8688,5.0153,4.4737,8.7739,0.0461,2.456,4.1349,-1.3047,-0.3627,8.3549,-0.6481,0.3443,-0.931681,0,1698375681.2397,40
-0.1083,1.9129,-0.4237,-2.1371,0.9157,-1.8535,-4.4211,-1.3721,7.1543,2.0381,12.8109,7.7999,5.2946,8.2478,0.0373,2.3225,4.2488,-0.6497,-0.2242,7.9964,-0.6954,0.2891,-0.946935,0,1698375681.2497,41
-0.0888,1.8726,-0.4382,-1.9977,0.9698,-2.1195,-4.5668,-1.268,7.01,1.992,14.5938,9.7548,6.1334,7.755,-0.0108,2.1891,4.5734,0.4351,0.133,7.5915,-0.7378,0.2155,-0.958782,0,1698375681.2598,42
-0.0693,1.823,-0.4518,-1.9,1.1165,-2.3397,-4.5616,-1.2827,7.1141,1.718,16.019501,10.7194,6.5701,7.2725,0.0379,2.1098,4.2989,0.5679,0.7258,7.2468,-0.7942,0.1019,-0.967985,0,1698375681.2697,43
-0.0508,1.7481,-0.4646,-1.7883,1.2041,-2.5389,-4.422,-1.5306,7.2722,1.4416,16.7204,10.5005,6.2421,6.8379,0.1073,2.053,4.6455,0.5398,1.118,6.9631,-0.5817,-0.0454,-0.975133,0,1698375681.2799,44
-0.0336,1.6652,-0.4766,-1.6767,0.8895,-2.6859,-4.196,-1.7023,7.3002,1.2418,16.375999,9.2405,5.476,6.512,0.058,1.9771,6.1436,1.0728,1.2046,6.6999,-0.326,-0.2868,-0.980685,0,1698375681.2902,45
-0.0172,1.6122,-0.488,-1.5399,0.5744,-2.6851,-3.9063,-1.748,7.4315,1.1273,15.1856,7.5052,4.5128,6.31,0.0628,1.916,7.5483,1.796,1.3067,6.535,-0.2467,-0.4355,-0.984998,0,1698375681.3007,46
-0.0032,1.5291,-0.498,-1.4053,0.1527,-3.2875,-3.154,-2.1132,7.4172,1.0963,12.0388,4.1417,2.7125,6.3669,0.2128,1.8497,10.8643,2.3148,1.2633,6.4903,-0.2125,-0.463,-0.988347,0,1698375681.3117,47
0.0087,1.3975,-0.506,-1.2433,-0.2732,-3.5137,-2.7313,-1.964,7.5434,0.8435,10.6527,3.0138,1.9803,6.552,0.3083,1.9408,10.4455,2.5264,1.4819,6.5585,-0.4434,-0.5029,-0.990949,0,1698375681.3223,48
0.0188,1.2777,-0.5113,-1.0399,-0.6482,-3.7132,-2.2897,-1.8283,7.5718,0.6599,9.4729,2.6218,1.5666,6.7558,0.3786,2.0498,7.8288,2.4224,1.9081,6.6847,-0.5367,-0.498,-0.99297,0,1698375681.3323,49
0.0266,1.1479,-0.5142,-0.852,-1.0154,-3.9151,-1.8487,-1.7889,7.6975,0.4842,8.6282,2.6872,1.3578,6.9251,0.4529,2.1483,3.8465,0.9619,2.517,6.9113,-0.5006,-0.5095,-0.994539,0,1698375681.3444,50
0.0338,1.0578,-0.5152,-0.6612,-1.2903,-4.0701,-1.4107,-1.7728,7.794,0.2144,7.9115,2.7414,1.211,7.0711,0.4641,2.2144,-0.0358,-1.0844,3.1664,7.2686,-0.3031,-0.5772,-0.995759,0,1698375681.3556,51
0.0416,1.015,-0.5129,-0.4403,-1.7383,-4.0577,-0.9784,-1.6341,7.9415,-0.131,7.383,2.7724,1.1736,7.2619,0.4656,2.2198,-2.0738,-1.9298,3.4015,7.6524,0.0066,-0.5416,-0.996706,0,1698375681.3679,52
0.0507,0.9934,-0.5048,-0.1544,-2.2029,-3.9985,-0.5165,-1.6448,7.9726,-0.202,6.8549,2.6388,1.1701,7.488,0.5181,2.1812,-2.7024,-1.027,3.4673,8.0136,-0.0116,-0.4244,-0.997441,0,1698375681.3778,53
0.0607,1.0033,-0.4906,0.2763,-2.2102,-3.9722,-0.0283,-1.637,7.5774,-0.0786,6.1958,2.2675,1.1785,7.7111,0.5551,2.124,-3.9482,0.5162,3.729,8.1838,-0.5241,-0.1255,-0.998012,0,1698375681.3882,54
0.0713,1.0349,-0.4708,0.696,-1.8085,-4.0021,0.4907,-1.4666,7.0219,0.1132,5.6422,1.6816,1.2626,7.9101,0.5849,2.0705,-5.8464,0.6062,4.0336,8.2061,-1.3307,0.1971,-0.998456,0,1698375681.3993,55
0.0844,1.0994,-0.4456,1.1073,-1.165,-4.0235,1.0183,-1.3001,6.5648,0.3397,5.155,0.9062,1.3518,8.0991,0.5995,2.0479,-5.8909,-0.4539,3.7845,8.4611,-1.5867,0.4444,-0.998801,0,1698375681.4097,56
0.0988,1.1959,-0.4193,1.4371,-0.5313,-3.9516,1.4766,-1.1258,6.5029,0.3964,4.7579,0.2289,1.3912,8.3496,0.6355,2.0859,-4.1827,-0.438,2.8104,8.9197,-1.2967,0.6143,-0.999069,0,1698375681.4205,57
0.1139,1.2593,-0.394,1.5533,0.1943,-3.9204,1.8198,-1.1171,6.8798,0.4875,4.5432,-0.2256,1.3511,8.6185,0.6618,2.1991,-3.288,0.3005,1.9106,9.2556,-0.9295,0.5159,-0.999277,0,1698375681.4312,58
0.1294,1.2824,-0.372,1.5681,0.9948,-3.7999,2.0157,-1.1034,7.5481,0.7453,4.4863,-0.5037,1.2083,8.9287,0.7065,2.3164,-3.0617,0.1651,1.4597,9.5951,-0.7148,0.4774,-0.999438,0,1698375681.4406,59
0.1428,1.2544,-0.3581,1.3916,1.5681,-3.3944,2.0588,-0.6494,8.2043,1.0046,4.4967,-0.8705,1.0028,9.3497,0.7563,2.3493,-2.4445,-0.5222,0.997,10.125,-0.7093,0.4647,-0.999564,0,1698375681.4506,60
0.1543,1.1973,-0.3554,1.0081,2.2413,-2.823,1.6174,0.6867,11.0336,0.9782,4.0595,-0.374,0.506,10.3676,0.7237,2.8161,-1.7478,-0.283,0.2657,11.3177,-0.8555,0.594,-0.999661,0,1698375681.4623,61
0.1645,1.1278,-0.3631,0.5203,2.1945,-2.3135,1.043,1.1588,12.4065,0.5564,3.4707,0.0552,0.2408,10.8167,0.6258,2.9745,-1.8578,0.3228,0.1914,11.6886,-0.9433,0.6191,-0.999737,0,1698375681.4735,62
0.1729,1.011,-0.3773,0.0429,1.8224,-1.7601,0.3709,1.1898,13.4749,-0.1495,2.3818,-0.0273,-0.1765,11.1789,0.4993,3.0422,-1.5537,0.6665,0.0417,11.9176,-1.142,0.5049,-0.999795,0,1698375681.4844,63
0.1794,0.9066,-0.3931,-0.2849,1.6016,-1.5109,-0.3445,0.7558,13.8521,-0.807,0.9967,-0.3266,-0.6216,11.4787,0.425,3.1493,-0.6571,0.5209,-0.2706,11.9931,-1.3487,0.3756,-0.999841,0,1698375681.4952,64
0.1835,0.7931,-0.4063,-0.3762,1.563,-1.4153,-1.0212,0.1105,13.9042,-1.1665,-0.6093,-0.5208,-1.0261,11.758,0.3716,3.3987,0.2532,0.119,-0.4007,12.1445,-1.482,0.3225,-0.999862,0,1698375681.5075,65
0.1863,0.659,-0.4102,-0.2241,0.9765,-1.0488,-1.6611,-0.1168,13.9367,-0.6423,-2.0339,-0.652,-1.3591,12.2025,0.3777,3.7584,0.2036,-0.5869,-0.1242,12.5122,-1.4725,0.487,-0.999878,0,1698375681.518,66
0.1878,0.5044,-0.402,0.1325,0.2705,-0.5673,-2.2637,0.4997,14.0396,0.1661,-3.1601,-1.0675,-1.7796,12.7823,0.4285,4.1495,-0.2978,-1.9278,0.33,12.9759,-1.4261,0.7239,-0.999904,0,1698375681.5283,67
0.186,0.305,-0.385,0.5711,0.8,-0.8043,-2.6287,0.2596,13.5434,1.5485,-4.3697,-1.8469,-2.3705,13.2947,0.2917,4.5314,-0.7391,-2.8209,0.8209,13.4435,-1.5841,0.7429,-0.999925,0,1698375681.5391,68
0.1786,-0.0172,-0.3646,0.9234,1.617,-0.9602,-2.9258,-0.2854,12.5603,3.1749,-5.4482,-2.812,-2.8694,13.655,-0.0208,4.8042,-1.0334,-3.1619,1.0641,13.7113,-1.8009,0.6546,-0.999942,0,1698375681.5486,69
0.1656,-0.3975,-0.3463,1.1022,1.9508,-0.3093,-3.3253,-0.049,12.4032,3.9965,-6.5261,-3.4679,-2.9988,13.7636,-0.452,4.9343,-0.9389,-3.2853,0.9223,13.7108,-2.0216,0.5929,-0.999953,0,1698375681.5586,70
0.1473,-0.7921,-0.3354,1.0017,2.4708,0.2525,-3.7251,-0.1431,11.5929,4.5172,-7.4845,-3.4626,-2.6246,13.5314,-0.8062,4.8905,-0.4676,-3.1791,0.5199,13.5222,-2.0956,0.5372,-0.997806,0,1698375681.5687,71
0.1246,-1.2148,-0.3341,0.7261,2.9727,0.4938,-4.143,-0.383,10.9542,4.6761,-8.0993,-3.2915,-2.0698,13.0189,-0.9257,4.7471,0.1055,-2.9867,0.0685,13.205,-2.2016,0.5196,-0.99613,0,1698375681.5786,72
0.0995,-1.5224,-0.3363,0.5253,2.9646,0.4775,-4.5008,-0.7826,11.3339,4.3203,-8.3416,-3.3264,-1.5843,12.3602,-0.9232,4.6868,0.3104,-2.926,-0.2276,12.8332,-2.3629,0.5669,-0.996984,0,1698375681.5886,73
0.0718,-1.7853,-0.3362,0.4733,2.5722,0.4265,-4.6313,-1.1977,11.162,3.7095,-7.8779,-3.403,-1.047,11.7206,-0.849,4.6908,0.2233,-3.2349,-0.5156,12.4039,-2.3371,0.6825,-0.997657,0,1698375681.5989,74
0.0399,-2.1672,-0.3309,0.5457,1.1596,0.7056,-4.385,-1.1973,11.695,3.3589,-6.8326,-3.2051,-0.541,11.1687,-0.696,4.7626,-0.0225,-3.2849,-0.7776,12.0303,-2.265,0.8321,-0.998172,0,1698375681.6089,75
0.0051,-2.5403,-0.3199,0.7097,-0.0355,0.7827,-3.8247,-1.6765,12.1306,2.7541,-5.5648,-2.9543,-0.1804,10.6649,-0.5114,4.7507,-0.4648,-2.2261,-0.8456,11.7733,-2.2624,0.9278,-0.860485,0,1698375681.6188,76
-0.0303,-2.8167,-0.305,0.9183,-0.2966,0.384,-3.2906,-2.1815,11.7043,2.0416,-4.5042,-2.8949,-0.1108,10.1809,-0.2683,4.6642,-1.3717,-1.01,-0.7732,11.5223,-2.3112,1.1419,-0.594037,0,1698375681.6288,77
-0.0654,-3.0369,-0.2883,1.1212,-0.4883,-0.3151,-2.8341,-2.4049,11.6218,2.0414,-3.9735,-2.5446,-0.2919,9.818,0.0143,4.6759,-2.4962,-0.708,-0.7161,11.321,-2.1478,1.313,-0.525168,0,1698375681.6386,78
-0.0995,-3.1473,-0.2715,1.283,-0.2972,-1.1682,-2.3286,-2.809,11.5713,2.2827,-3.9252,-1.7774,-0.6022,9.6454,0.2686,4.747,-3.3381,-0.8432,-0.6248,11.2654,-1.8555,1.2876,-0.631184,0,1698375681.6486,79
-0.1317,-3.1698,-0.2553,1.382,-0.1752,-1.727,-1.7894,-2.8936,11.0956,2.6296,-4.4604,-1.0571,-1.2463,9.6753,0.4198,4.8228,-3.8292,-1.0267,-0.4747,11.2796,-1.6872,1.2813,-0.713529,0,1698375681.659,80
-0.1626,-3.0822,-0.2393,1.4197,-0.3301,-2.028,-1.2717,-2.3723,11.0177,2.9098,-5.6498,-0.4967,-2.1223,9.8321,0.3462,4.8362,-3.9764,-0.9927,-0.1374,11.2819,-1.6709,1.2665,-0.77749,0,1698375681.6691,81
-0.1931,-2.9577,-0.223,1.4156,-0.2008,-2.3241,-0.7367,-1.6633,10.6822,3.1424,-7.039,0.4175,-2.7875,9.9234,0.0937,4.7552,-4.0123,-0.4917,0.0411,11.1917,-1.7969,1.2264,-0.82717,0,1698375681.6793,82
-0.2231,-2.8608,-0.2052,1.4781,-0.0619,-2.5233,-0.1635,-0.9678,9.99,3.3134,-8.176,1.7505,-3.0783,9.9318,-0.2001,4.54,-4.0589,0.1343,-0.2071,10.9217,-1.9809,1.1266,-0.865758,0,1698375681.6903,83
-0.2539,-2.8676,-0.1862,1.595,-0.0419,-2.5315,0.4556,-0.2872,9.529,3.1856,-8.9662,3.1157,-2.9991,9.8391,-0.5057,4.2424,-4.073,0.5166,-0.5994,10.5094,-2.1243,0.944,-0.89573,0,1698375681.7009,84
-0.2846,-2.8992,-0.1683,1.6392,-0.3135,-2.3155,1.0677,0.3647,9.0528,3.0725,-9.2553,4.3968,-2.4706,9.6384,-0.7827,3.9412,-4.0328,0.4957,-1.106,10.0299,-2.0759,0.7338,-0.91901,0,1698375681.7106,85
-0.3128,-2.8426,-0.1518,1.6164,-0.6659,-1.996,1.6326,0.956,8.8371,2.9796,-9.0367,5.2563,-1.5914,9.4086,-0.9791,3.6327,-3.8575,0.0713,-1.7023,9.6211,-1.9445,0.5427,-0.937093,0,1698375681.7208,86
-0.3392,-2.7737,-0.1354,1.6301,-0.6712,-1.6413,2.2077,1.1838,8.5713,2.9472,-8.4494,5.4178,-0.5957,9.1896,-1.0878,3.335,-4.0427,-0.1715,-2.0931,9.2693,-2.0519,0.3047,-0.951138,0,1698375681.7308,87
-0.3646,-2.6854,-0.1192,1.6963,-0.6395,-1.1536,2.7942,1.1365,8.2841,2.798,-7.948,4.91,0.1853,8.9537,-1.0691,3.0445,-4.7072,0.32,-2.2364,8.9068,-2.118,0.245,-0.962047,0,1698375681.7406,88
-0.3885,-2.6706,-0.1032,1.7246,-0.534,-0.6248,3.3179,1.088,7.9931,2.4446,-7.9693,3.8586,0.486,8.6804,-0.9626,2.7133,-4.487,1.2719,-2.4832,8.6087,-1.9494,0.2197,-0.970521,0,1698375681.7506,89
-0.4112,-2.6302,-0.0872,1.6797,-0.3565,-0.1655,3.7451,1.0528,7.6294,2.2494,-8.4188,2.5843,0.4077,8.3564,-0.8695,2.3967,-2.4029,2.9384,-3.0967,8.4111,-1.6051,0.261,-0.976057,0,1698375681.7609,90
-0.433,-2.484,-0.0714,1.6203,-0.246,0.2748,4.0659,1.05,7.4156,2.2633,-9.0244,1.3823,0.1381,8.0323,-0.7779,2.1572,-1.2494,4.7075,-3.2179,8.349,-1.6048,0.2431,-0.980255,0,1698375681.771,91
-0.4535,-2.3379,-0.0558,1.6247,-0.4544,1.2817,4.5538,1.2564,7.0284,1.9798,-9.2457,0.1661,-0.2945,7.4363,-0.6578,1.7175,-4.3812,2.9318,-2.4946,7.9104,-2.1975,1.7015,-0.983586,0,1698375681.7828,92
-0.4732,-2.1601,-0.0393,1.6332,-0.5606,1.6076,4.619,1.3776,7.1316,2.0774,-9.0113,-0.1465,-0.5232,7.2233,-0.6207,1.5823,-4.4077,1.4913,-2.3702,7.6987,-1.9397,1.6774,-0.986277,0,1698375681.7932,93
-0.4907,-1.9535,-0.0237,1.6132,-0.4838,1.8557,4.3433,1.5639,7.149,1.9519,-8.647,0.3273,-0.5509,7.0052,-0.6392,1.5931,-3.6408,1.5886,-2.449,7.5418,-1.6278,1.3726,-0.98934,0,1698375681.8039,94
-0.5049,-1.7599,-0.0096,1.6014,-0.4232,2.0603,4.0141,1.6844,7.0195,1.8098,-8.312,1.0916,-0.4625,6.8465,-0.6602,1.5886,-3.6792,2.4634,-2.235,7.3595,-1.3984,1.1613,-0.991716,0,1698375681.8141,95
-0.5168,-1.5721,0.004,1.5547,-0.452,2.2848,3.6306,1.7116,7.0587,1.7924,-8.1975,1.6119,-0.4245,6.7732,-0.6763,1.5659,-3.8215,2.6546,-1.8064,7.2425,-1.3824,0.8141,-0.993561,0,1698375681.8244,96
-0.5261,-1.3932,0.0175,1.4856,-0.4693,2.5589,3.198,1.5938,7.2212,1.7704,-8.3796,1.5943,-0.4887,6.786,-0.7121,1.5265,-3.3474,2.6293,-1.5032,7.1692,-1.4743,0.6339,-0.994928,0,1698375681.836,97
-0.5336,-1.225,0.0319,1.4012,-0.5611,2.932,2.6899,1.6033,7.4864,1.443,-8.6761,1.1238,-0.64,6.8718,-0.8029,1.5933,-2.8574,2.7511,-1.0837,7.139,-1.5675,0.5346,-0.975101,0,1698375681.8479,98
-0.5384,-1.0126,0.0466,1.3348,-0.7406,3.1971,2.1035,1.6329,7.9091,1.1689,-8.8399,0.1721,-0.8581,7.0949,-0.9371,1.6636,-2.2202,2.9821,-0.7255,7.218,-1.5547,0.2856,-0.761377,0,1698375681.8584,99
-0.5391,-0.7647,0.0608,1.3285,-0.7616,3.3434,1.4784,1.5826,8.1434,0.964,-9.0592,-0.7794,-1.1246,7.428,-1.014,1.692,-1.6358,3.0115,-0.46,7.3931,-1.5428,0.0888,-0.406984,0,1698375681.8695,0
-0.5367,-0.5211,0.0742,1.314,-0.9279,3.5609,0.8967,1.5874,8.1607,0.7715,-8.8955,-1.7646,-1.4467,7.7626,-1.1454,1.736,-1.3574,2.6381,-0.1319,7.5642,-1.5807,-0.0088,-0.129919,0,1698375681.8797,1
-0.532,-0.2498,0.0867,1.3003,-1.3869,3.7742,0.3485,1.6978,8.4631,0.4872,-8.6763,-3.1563,-1.9584,8.0781,-1.2309,1.7531,-1.2282,2.613,0.1621,7.7083,-1.5881,-0.1127,-0.049939,0,1698375681.8898,2
-0.5241,0.0158,0.098,1.2711,-1.6837,3.9118,-0.1949,1.6691,8.54,0.1571,-8.4276,-4.6164,-2.4846,8.3686,-1.2471,1.7251,-1.2385,2.7249,0.3862,7.8833,-1.5945,-0.176,-0.186083,0,1698375681.8999,3
-0.5118,0.2765,0.1087,1.2005,-1.8606,4.011,-0.6997,1.3935,8.213,0.2033,-7.6951,-5.7813,-2.7791,8.676,-1.412,1.6644,-1.2653,2.6796,0.5049,8.1149,-1.5925,-0.207,-0.365259,0,1698375681.91,4
-0.4949,0.6004,0.1191,1.1391,-1.8949,4.1033,-1.1889,1.0594,7.9087,0.4537,-6.8568,-6.3272,-2.788,8.9896,-1.509,1.5417,-1.2512,2.4928,0.563,8.3961,-1.6297,-0.1776,-0.50122,0,1698375681.919,5
-0.476,0.9671,0.1288,1.0775,-1.607,4.187,-1.62,0.7988,7.5783,0.6782,-6.0233,-5.8778,-2.5001,9.249,-1.5438,1.4308,-1.4328,2.7354,0.6558,8.6557,-1.6104,-0.0725,-0.600724,0,1698375681.9285,6
-0.4564,1.21,0.1385,1.0349,-1.1346,4.1736,-1.9668,0.4831,7.3161,0.9552,-5.3537,-4.467,-2.0199,9.4534,-1.6216,1.3957,-1.1214,2.4057,0.5908,8.5722,-1.2237,0.0241,-0.462264,0,1698375681.9385,7
-0.4366,1.3442,0.149,1.0491,-0.4558,3.9987,-2.1415,0.0523,7.2557,1.1768,-4.7808,-2.7055,-1.4169,9.6381,-1.6534,1.3717,0.167,2.0926,0.409,8.6307,-1.0899,-0.0855,-0.138171,0,1698375681.9482,8
-0.4186,1.3972,0.1596,1.0944,0.2624,3.8578,-2.1256,-0.2509,7.6257,1.08,-4.2728,-1.0034,-0.7866,9.8329,-1.6477,1.3821,1.5878,3.1293,0.2865,9.0269,-1.4221,-0.1631,0.115949,0,1698375681.9581,9
-0.4057,1.2722,0.1697,1.0949,0.8014,3.6111,-1.9572,-0.8353,7.9216,1.0673,-3.7955,0.6656,-0.205,10.1031,-1.6186,1.4908,2.481,3.7641,0.2451,9.3974,-1.679,0.0088,0.313332,0,1698375681.9671,10
-0.4003,1.0144,0.179,1.0517,1.1673,3.3096,-1.6697,-1.3389,8.6371,0.8763,-3.3361,2.3761,0.2809,10.4381,-1.5947,1.7069,2.5867,3.3667,0.2836,9.8814,-1.8754,0.2094,0.466644,0,1698375681.979,11
-0.4019,0.6997,0.1885,0.9892,1.4617,3.0558,-1.2887,-1.5817,9.531,0.3751,-2.8387,3.8965,0.6156,10.7669,-1.5508,1.9403,2.0706,2.0626,0.3076,10.3501,-1.9382,0.3126,0.585727,0,1698375681.9897,12
-0.4069,0.4243,0.1963,0.902,1.6282,2.7052,-0.847,-1.8599,10.0182,-0.1619,-2.3544,4.9334,0.8961,11.028,-1.488,2.1803,1.3586,0.6569,0.3561,10.8007,-1.9102,0.3361,0.678222,0,1698375681.9995,13
-0.4121,0.2075,0.2021,0.8261,1.6262,2.4065,-0.4145,-1.8659,10.7106,-0.7844,-1.9015,5.2888,1.1907,11.1583,-1.4388,2.4798,0.8193,-0.1001,0.2974,11.1274,-1.8054,0.3375,0.750065,0,1698375682.0093,13
-0.4176,0.0302,0.2076,0.775,1.6179,2.1089,0.0646,-1.6516,11.4817,-1.2724,-1.6009,5.2231,1.4305,11.2197,-1.3243,2.7117,0.1584,-1.0093,0.1487,11.3459,-1.7795,0.4514,0.805868,0,1698375682.0193,14
-0.422,-0.0345,0.2124,0.7081,1.672,1.7806,0.5518,-1.3857,11.9599,-1.2366,-1.652,4.9966,1.4328,11.3711,-1.2472,2.8356,-0.8442,-2.3121,0.046,11.672,-1.8883,0.6665,0.849072,0,1698375682.0292,15
-0.4218,0.0565,0.2147,0.5793,1.3995,1.7242,0.9234,-0.877,12.848,-1.2644,-1.9805,4.236,0.9786,11.678,-1.2399,2.8876,-1.7038,-3.4066,-0.0056,12.0966,-1.9679,0.8031,0.817379,0,1698375682.0383,16
-0.4164,0.2234,0.2143,0.4204,0.9331,1.7255,1.2615,-0.6464,14.0106,-0.9108,-2.4633,2.6167,-0.0133,12.0815,-1.264,2.9757,-2.2156,-3.9943,0.0054,12.5467,-2.0033,0.8761,0.569664,0,1698375682.0479,17
-0.4074,0.4311,0.2119,0.2291,0.2546,1.4725,1.634,-1.1689,14.2497,0.2039,-2.8536,0.2562,-1.4399,12.5237,-1.3454,3.2479,-2.4043,-4.5258,0.0216,12.9808,-1.9186,0.8628,0.219238,0,1698375682.0572,18
-0.3959,0.6422,0.2049,-0.0522,-0.2391,1.5232,2.0886,-1.7074,13.6697,0.8255,-2.9557,-2.2198,-2.9843,12.8517,-1.3264,3.5859,-2.4546,-5.1142,0.1714,13.3096,-1.7063,0.8059,-0.052982,0,1698375682.0667,19
-0.3851,0.7085,0.19,-0.4187,-0.0474,1.6469,2.5279,-1.9813,13.163,1.6007,-2.821,-4.3654,-4.1405,12.9082,-1.2101,3.7502,-2.3249,-5.4263,0.2989,13.3876,-1.385,0.75,-0.264423,0,1698375682.0775,20
-0.3804,0.5505,0.1681,-0.8522,0.6418,1.455,2.9423,-1.5621,12.0123,3.0717,-2.298,-5.9945,-4.5127,12.7596,-1.0328,3.8406,-1.9379,-5.4344,0.1311,13.1605,-1.0607,0.7416,-0.428656,0,1698375682.0877,21
-0.3833,0.2855,0.1423,-1.265,1.0595,1.3034,3.4244,-0.376,10.9303,4.3736,-1.3814,-7.0502,-4.2726,12.5797,-0.8329,3.9108,-1.0305,-4.943,-0.1994,12.9331,-0.8135,0.9499,-0.55622,0,1698375682.0972,22
-0.3883,0.1099,0.1146,-1.644,0.922,0.9938,3.925,-0.0333,10.9768,4.7532,-0.2356,-7.7142,-3.8057,12.4168,-0.6142,3.7806,-0.1348,-4.2801,-0.4485,12.7726,-0.6435,1.185,-0.655303,0,1698375682.1073,23
-0.3886,0.1533,0.085,-1.9405,0.7463,0.6844,4.607,-0.6927,11.3619,3.909,1.2296,-7.7008,-3.1849,12.1625,-0.3538,3.5676,0.0453,-3.7908,-0.5713,12.4581,-0.6023,1.3791,-0.732264,0,1698375682.1183,24
-0.3814,0.332,0.0512,-2.1992,0.2237,0.813,4.8385,-0.5709,11.8513,2.7849,2.827,-6.5698,-2.3022,11.8757,-0.2737,3.4796,0.048,-3.0409,-0.6674,12.0566,-0.6855,1.5576,-0.792041,0,1698375682.1281,25
-0.3699,0.5321,0.016,-2.5572,-0.5248,1.1141,4.4762,-0.0637,11.6766,2.7586,4.3463,-4.8306,-1.3464,11.6428,-0.3127,3.3963,0.0604,-2.1099,-0.7174,11.7242,-0.9132,1.6075,-0.836216,0,1698375682.1368,26
-0.3573,0.687,-0.019,-2.7829,-0.8956,1.2993,4.0807,0.1272,11.3755,3.3267,5.6151,-2.5713,-0.2597,11.677,-0.3655,3.2311,0.081,-1.2759,-0.6907,11.5505,-1.2648,1.6768,-0.763009,0,1698375682.1469,27
-0.345,0.7781,-0.0554,-2.9536,-1.1939,1.6145,3.6934,0.3255,11.4864,3.7586,6.6944,-2.329,0.4233,12.0791,-0.6369,2.387,0.3366,-0.5966,-0.5369,11.5193,-1.6371,1.8455,-0.631397,0,1698375682.1575,28
-0.3335,0.8616,-0.0911,-3.2185,-1.6778,2.0067,3.3576,0.2576,11.9908,3.9537,7.5267,-3.2231,-0.4872,12.3663,-0.5171,1.8385,0.8316,0.0324,-0.1516,11.6185,-1.865,2.0177,-0.631636,0,1698375682.1671,29
-0.3223,0.9398,-0.1265,-3.3047,-1.7572,2.1018,2.9826,-0.2088,12.3208,4.0174,7.9635,-1.6235,-1.2788,12.5678,-0.6293,2.5894,1.4666,0.6599,0.4161,11.706,-1.8681,2.1045,-0.7016,0,1698375682.1774,30
-0.3101,1.0202,-0.1614,-3.2563,-1.9407,2.2207,2.5285,-0.6957,12.3332,3.8944,8.6692,1.2083,-0.5788,12.6382,-1.0518,3.4625,2.2215,1.2052,0.9815,11.6532,-1.7315,2.0617,-0.621825,0,1698375682.1874,31
-0.2959,1.1168,-0.1952,-3.198,-2.194,2.2859,1.991,-1.1059,12.2607,3.4565,9.3308,2.5778,0.178,12.3074,-0.7316,3.7316,2.9211,1.5419,1.4155,11.4876,-1.5323,1.9389,-0.459837,0,1698375682.1974,32
-0.2802,1.257,-0.2276,-3.1256,-2.118,2.0876,1.3791,-1.6285,11.5766,3.1207,8.9276,1.1028,0.3866,11.8124,-0.1959,3.5006,3.4706,1.5733,1.5967,11.1908,-1.2967,1.78,-0.425048,0,1698375682.2075,33
-0.2635,1.3538,-0.2585,-3.062,-2.0147,1.8075,0.6891,-1.9047,10.7779,2.8919,7.9745,-1.3423,0.4651,11.2924,0.1256,3.4022,3.9271,1.3923,1.5013,10.7968,-1.0864,1.5897,-0.495504,0,1698375682.2178,34
-0.2462,1.4431,-0.287,-2.9919,-1.7921,1.4477,-0.0761,-1.9341,10.1477,2.615,7.4149,-3.1299,0.6965,10.8222,0.1789,3.4021,4.4173,0.9816,1.1793,10.4415,-0.9362,1.3917,-0.598371,0,1698375682.2269,35
-0.228,1.5536,-0.313,-2.9166,-1.5673,1.0608,-0.8698,-1.9278,9.6264,2.4449,7.287,-3.9253,1.0518,10.4738,0.1577,3.2487,4.9335,0.4461,0.6803,10.1538,-0.8237,1.1625,-0.688042,0,1698375682.2372,36
-0.2091,1.5988,-0.337,-2.8414,-1.2861,0.5821,-1.6491,-1.9798,9.2319,2.2644,7.3777,-3.3049,1.5562,10.2457,0.148,3.0438,5.1035,0.2194,0.2093,9.8772,-0.757,0.9171,-0.757693,0,1698375682.2473,37
-0.1895,1.6248,-0.3598,-2.7771,-0.9834,0.1473,-2.3678,-2.0434,8.9867,1.9806,7.7361,-1.3513,2.3127,9.9878,0.0808,2.9166,4.8563,0.1234,-0.1413,9.5415,-0.7003,0.6787,-0.811793,0,1698375682.2576,38
-0.1696,1.6935,-0.3813,-2.6788,-0.7226,-0.2245,-3.0035,-2.0849,8.8676,1.8254,8.4926,1.1308,3.2053,9.5716,0.0249,2.7639,4.4206,-0.2265,-0.3872,9.1754,-0.6347,0.4657,-0.853814,0,1698375682.2671,38
-0.1497,1.7812,-0.4013,-2.5564,-0.3514,-0.7068,-3.5288,-2.1686,8.5866,1.8292,9.7296,3.5232,4.012,9.0959,0.0058,2.5309,3.9859,-0.1582,-0.4853,8.8275,-0.6353,0.2818,-0.886453,0,1698375682.2775,39
-0.1301,1.8213,-0.42,-2.4386,-0.0008,-1.1879,-3.9198,-2.1522,8.2203,1.8163,11.1778,5.5714,4.648,8.6099,0.0059,2.3419,3.8698,0.3389,-0.4064,8.4487,-0.6641,0.152,-0.911805,0,1698375682.2871,40
-0.111,1.7955,-0.4376,-2.2863,0.2502,-1.6008,-4.1877,-1.9782,7.7616,1.7825,12.6453,7.2288,5.1564,8.087,0.0279,2.2851,3.9228,0.4198,-0.1576,8.0276,-0.6637,0.0334,-0.931496,0,1698375682.2978,41
-0.0924,1.7286,-0.4544,-2.1683,0.2312,-1.93,-4.3353,-1.7028,7.5725,1.6213,13.9828,8.4233,5.4176,7.6149,0.0405,2.3178,3.9494,0.3081,0.1933,7.6622,-0.5819,-0.2114,-0.946791,0,1698375682.3073,42
-0.0743,1.7157,-0.4704,-2.0742,0.0785,-2.2036,-4.3264,-1.6551,7.6489,1.3168,14.8956,8.7724,5.2847,7.2382,0.077,2.2784,3.9011,0.3789,0.5025,7.3325,-0.3366,-0.5253,-0.958671,0,1698375682.3176,43
-0.0569,1.723,-0.4851,-1.9352,0.0126,-2.5107,-4.1788,-1.9147,7.7542,1.031,15.1478,8.2213,4.7886,6.9206,0.1007,2.2321,4.1056,0.9307,0.7878,6.9951,-0.2592,-0.7287,-0.967899,0,1698375682.3272,44
-0.0404,1.7096,-0.4983,-1.7701,-0.0768,-2.8379,-3.9296,-2.1904,7.7817,0.889,14.7719,7.1771,4.1075,6.6492,0.0909,2.2354,4.6914,1.8314,1.121,6.7104,-0.3548,-0.762,-0.975066,0,1698375682.3372,45
-0.0255,1.6865,-0.5099,-1.6278,-0.2656,-3.1252,-3.5954,-2.3217,7.7643,0.8808,13.9695,6.0243,3.449,6.4754,0.1102,2.2773,5.4412,2.4365,1.3313,6.5234,-0.3222,-0.7557,-0.980633,0,1698375682.3471,46
-0.0124,1.5919,-0.5196,-1.5033,-0.3995,-3.4763,-3.2088,-2.3895,7.7404,0.9495,13.0812,4.7462,2.7594,6.4029,0.175,2.3186,6.2742,2.4394,1.3907,6.4447,-0.2544,-0.8029,-0.984957,0,1698375682.3574,47
-0.0014,1.4554,-0.5274,-1.349,-0.558,-3.8461,-2.8114,-2.3919,7.7258,0.9219,12.0213,3.618,2.0533,6.4422,0.2675,2.3627,6.83,2.1622,1.4419,6.4956,-0.1822,-0.8377,-0.988316,0,1698375682.3677,48
0.0078,1.3253,-0.533,-1.1554,-0.8252,-4.1188,-2.3928,-2.302,7.7829,0.7639,10.703,3.0877,1.487,6.5632,0.357,2.4513,6.707,1.8463,1.5183,6.6923,-0.0786,-0.825,-0.990924,0,1698375682.3773,49
0.0152,1.1973,-0.5369,-0.9486,-1.1077,-4.3417,-1.9722,-2.1684,7.695,0.6628,9.4984,2.813,1.0463,6.6937,0.4532,2.4955,5.7106,1.4544,1.6169,6.9399,-0.0253,-0.7704,-0.992951,0,1698375682.387,50
0.0216,1.0695,-0.539,-0.7555,-1.3884,-4.4902,-1.5842,-1.9777,7.4935,0.6594,8.4,2.2673,0.5889,6.8451,0.5838,2.4231,4.1366,0.8815,1.7718,7.2675,-0.0091,-0.7026,-0.994525,0,1698375682.3972,51
0.0278,0.9545,-0.5384,-0.527,-1.5724,-4.5808,-1.2035,-1.75,7.37,0.7129,7.269,1.9295,0.1783,7.0319,0.6521,2.398,2.239,0.0284,1.9595,7.5981,-0.0293,-0.6168,-0.995747,0,1698375682.4072,52
0.0341,0.8755,-0.5343,-0.268,-1.8722,-4.6179,-0.8439,-1.441,7.2604,0.7528,6.3496,2.221,0.0724,7.2708,0.6098,2.4364,0.4473,-0.8133,2.1044,7.9268,-0.0464,-0.4759,-0.996697,0,1698375682.4174,53
0.0414,0.8336,-0.5251,0.0755,-2.2055,-4.5675,-0.459,-1.0474,7.1143,0.8079,5.7045,2.4329,0.1486,7.5253,0.5844,2.3976,-0.6692,-1.4568,2.09,8.2653,0.0483,-0.4057,-0.997434,0,1698375682.427,54
0.0496,0.8156,-0.5099,0.4916,-2.1909,-4.507,-0.004,-0.7836,6.8565,0.8381,5.1242,2.174,0.2078,7.7412,0.5951,2.2867,-1.0481,-1.4401,1.9706,8.5337,0.1061,-0.3849,-0.998007,0,1698375682.4376,55
0.0592,0.8623,-0.4891,0.9458,-1.808,-4.4524,0.4883,-0.7137,6.374,0.8348,4.7927,1.7488,0.3595,7.9398,0.6342,2.1559,-1.1975,-0.6927,1.8497,8.7744,0.0679,-0.3217,-0.998452,0,1698375682.4471,56
0.0706,0.9867,-0.4641,1.3267,-1.1953,-4.4023,0.99,-0.7307,6.0068,0.9007,4.7117,1.4066,0.577,8.1519,0.6648,2.0394,-1.0946,0.2399,1.5888,8.9826,-0.0292,-0.3835,-0.998798,0,1698375682.4585,57
0.0842,1.083,-0.4353,1.6343,-0.4986,-4.3012,1.4325,-0.8151,5.9839,0.9067,4.7195,1.2448,0.7391,8.3944,0.6519,2.0104,-0.9473,0.7861,1.2447,9.1759,-0.2056,-0.4486,-0.999066,0,1698375682.4681,58
0.0985,1.1453,-0.4078,1.881,0.1498,-4.1025,1.7634,-0.891,6.2675,0.8408,4.7613,0.7867,0.8207,8.6896,0.6818,2.0031,-0.6914,1.0212,0.8428,9.3996,-0.4527,-0.334,-0.999275,0,1698375682.4776,59
0.1122,1.2008,-0.3842,1.946,0.7115,-3.8876,1.9403,-0.8765,7.2205,0.7926,4.6404,0.1437,0.6362,9.012,0.7555,2.1398,-0.1961,1.1629,0.4181,9.6481,-0.6324,-0.1934,-0.999437,0,1698375682.4871,60
0.125,1.2153,-0.3656,1.81,1.3599,-3.7088,2.0062,-0.4536,7.8715,0.9048,4.1597,-0.0958,0.3155,9.4297,0.7574,2.4286,0.0344,0.955,0.1104,9.9861,-0.6731,-0.065,-0.999562,0,1698375682.4976,61
0.1362,1.2059,-0.3584,1.4201,1.7221,-3.5495,1.9406,0.461,9.0553,1.1047,4.1782,0.3463,0.0673,10.0053,0.7835,2.6051,-0.344,0.5993,0.0461,10.4608,-0.7602,0.0746,-0.99966,0,1698375682.5073,62
0.1451,1.1178,-0.3628,0.9147,1.8159,-3.2561,1.6408,1.1561,10.9062,1.0767,3.8841,0.9998,-0.1706,10.6158,0.7872,2.7552,-1.2803,0.3801,0.2066,10.9484,-0.8448,0.2442,-0.999736,0,1698375682.5178,63
0.1521,0.9894,-0.3749,0.4432,1.6408,-2.5442,1.1224,1.702,12.033,0.662,2.5735,1.2253,-0.4321,11.0854,0.6577,2.9975,-1.833,0.0429,0.2793,11.4084,-0.9326,0.4353,-0.999795,0,1698375682.528,63
0.1577,0.8708,-0.3905,-0.0012,1.2739,-1.9265,0.465,1.8656,13.0287,0.071,1.0552,1.2514,-0.735,11.4042,0.5457,3.2415,-1.8515,-0.4321,0.1389,11.6553,-1.0329,0.5145,-0.999841,0,1698375682.5373,64
0.1615,0.7293,-0.4061,-0.3626,1.3357,-1.7424,-0.2791,1.4664,13.8342,-0.5647,-0.4377,1.2256,-0.9003,11.6678,0.5068,3.3856,-2.2502,-0.5591,0.1415,11.6582,-1.1087,0.3334,-0.999876,0,1698375682.547,65
0.1634,0.5933,-0.4174,-0.448,1.3386,-1.4418,-0.9909,1.0474,14.1042,-0.522,-1.8955,0.8894,-0.9972,11.8881,0.5239,3.6069,-1.6173,-0.2896,0.1538,11.8146,-1.1499,0.2766,-0.999904,0,1698375682.5581,66
0.1642,0.4794,-0.4191,-0.2461,0.9803,-1.1589,-1.6971,0.6144,13.4671,-0.3202,-3.3483,0.1272,-1.2454,12.1525,0.5444,4.0374,0.0673,0.1533,0.1198,12.1999,-1.156,0.4324,-0.99984,0,1698375682.5671,67
0.1642,0.3802,-0.4097,0.097,0.6612,-1.1095,-2.3283,0.4315,12.9014,0.0926,-4.7647,-0.9889,-1.7885,12.4792,0.5429,4.4662,0.8951,0.2382,0.3773,12.6445,-1.223,0.4671,-0.999046,0,1698375682.5771,68
0.1623,0.2423,-0.3916,0.5618,0.674,-0.9988,-2.7777,0.3827,12.0013,1.4545,-6.2484,-2.3347,-2.5853,12.7864,0.4827,4.7525,0.9493,-0.5582,0.6684,13.033,-1.39,0.4384,-0.998455,0,1698375682.5875,69
0.1565,-0.0002,-0.3688,0.9703,0.6755,-0.5872,-3.1651,0.4961,11.4149,2.735,-7.198,-3.5318,-3.2297,13.0065,0.2764,5.0037,0.0062,-1.6873,0.7914,13.1962,-1.6055,0.4493,-0.99874,0,1698375682.5975,70
0.1452,-0.3041,-0.346,1.2308,0.9953,-0.2249,-3.4814,0.2833,11.8399,3.934,-7.8299,-4.7027,-3.4925,13.0613,-0.0993,5.1716,-1.2436,-2.6308,0.6458,13.1594,-1.8017,0.5342,-0.999021,0,1698375682.6068,71
0.1281,-0.688,-0.3289,1.2543,1.8965,-0.1532,-3.8804,0.1986,11.1166,4.744,-8.6002,-5.371,-3.3583,12.8868,-0.5287,5.1726,-1.7882,-3.2102,0.2983,13.024,-1.9884,0.648,-0.99924,0,1698375682.6176,72
0.1065,-1.0703,-0.3229,0.9557,2.548,-0.0267,-4.3966,0.6875,11.1711,4.9795,-9.3281,-5.4556,-2.8996,12.5559,-0.753,5.0756,-1.5789,-3.4003,-0.0721,12.8164,-2.1438,0.7177,-0.999408,0,1698375682.627,73
0.082,-1.354,-0.3259,0.6084,2.5563,0.2684,-4.8375,0.4359,11.9573,5.1877,-9.9506,-5.2962,-2.3524,12.1387,-0.778,4.9596,-1.0406,-3.6008,-0.2303,12.6049,-2.2706,0.814,-0.999456,0,1698375682.638,74
0.0548,-1.6122,-0.3302,0.4102,1.9858,0.5419,-5.0769,0.094,11.8747,5.0472,-10.2236,-4.9049,-1.8217,11.7233,-0.7828,4.8717,-0.74,-3.8401,-0.2083,12.3725,-2.371,0.9525,-0.999174,0,1698375682.6474,75
0.0238,-1.8838,-0.3296,0.3907,0.763,0.8072,-4.8436,-0.3217,11.9808,5.0894,-9.8825,-4.3597,-1.3362,11.3325,-0.8378,4.9041,-0.8952,-3.887,-0.2185,12.1163,-2.4755,1.0464,-0.999036,0,1698375682.657,76
-0.0112,-2.25,-0.3223,0.5301,-0.4033,0.726,-4.2849,-1.9142,12.4662,4.4582,-8.924,-3.9892,-0.8671,10.9539,-0.9062,4.8588,-1.3736,-3.0875,-0.3014,11.8272,-2.2979,0.7954,-0.999247,0,1698375682.6676,77
-0.0485,-2.6257,-0.3098,0.7797,-0.855,0.473,-3.7435,-2.921,12.4613,3.2361,-7.807,-3.9331,-0.6049,10.5611,-0.8032,4.7367,-2.3937,-2.2713,-0.4468,11.5584,-2.1257,0.517,-0.999412,0,1698375682.677,78
-0.0858,-2.9425,-0.2937,1.0359,-0.945,0.0242,-3.2284,-2.8814,11.8206,3.2259,-6.9199,-3.5376,-0.6093,10.1839,-0.5735,4.707,-3.2823,-2.0226,-0.5409,11.419,-2.0962,0.6045,-0.999543,0,1698375682.687,79
-0.1213,-3.1552,-0.2764,1.2427,-0.9017,-0.7684,-2.7159,-2.9977,11.4729,3.6164,-6.2615,-2.5547,-0.6996,9.9406,-0.3171,4.7196,-3.6888,-1.4084,-0.5485,11.3762,-1.9552,0.7846,-0.999645,0,1698375682.6972,80
-0.1544,-3.1523,-0.2598,1.3753,-0.5458,-1.5536,-2.1481,-3.239,11.2373,3.8158,-6.0696,-1.4188,-1.0202,9.8391,-0.0113,4.732,-4.192,-1.0148,-0.4853,11.4224,-1.8363,1.1598,-0.999724,0,1698375682.7075,81
-0.1855,-3.062,-0.2442,1.4386,-0.2379,-2.0288,-1.5061,-3.2335,10.8346,3.8249,-6.5939,-0.4282,-1.5616,9.8502,0.1591,4.677,-4.4729,-1.0756,-0.4711,11.4142,-1.8166,1.3971,-0.999786,0,1698375682.7178,82
-0.2152,-3.0359,-0.2288,1.4932,-0.3609,-2.0605,-0.8378,-2.5219,10.5787,3.5426,-7.5362,0.6666,-1.9991,9.8619,0.0868,4.5784,-4.2667,-0.8825,-0.6067,11.2426,-1.8569,1.3396,-0.999834,0,1698375682.7277,83
-0.244,-2.9931,-0.213,1.5508,-0.3951,-2.1226,-0.1414,-1.563,10.2108,3.2897,-8.4173,1.8026,-2.114,9.8289,-0.1086,4.3574,-4.0171,-0.5552,-0.8058,10.9356,-1.9495,1.1715,-0.999871,0,1698375682.7377,84
-0.2723,-2.9817,-0.1966,1.5814,-0.3646,-2.1172,0.5852,-0.7458,9.6187,3.1995,-8.8818,2.9669,-1.8871,9.7269,-0.362,4.0514,-3.9408,-0.1033,-1.0891,10.5515,-2.0783,0.9629,-0.9999,0,1698375682.7474,85
-0.3002,-3.0345,-0.1799,1.5974,-0.3093,-1.9255,1.32,-0.095,9.2564,3.11,-8.6673,4.2787,-1.2668,9.5838,-0.6534,3.7576,-3.7741,0.1863,-1.4591,10.1248,-2.1433,0.7067,-0.999922,0,1698375682.7573,86
-0.3275,-3.0575,-0.1629,1.5928,-0.2349,-1.5942,2.0365,0.2764,8.9132,2.9561,-7.7449,5.5157,-0.2218,9.4189,-0.9533,3.4866,-3.9251,0.3883,-1.7542,9.7085,-2.1796,0.5104,-0.999939,0,1698375682.7673,87
-0.3539,-2.9775,-0.1459,1.641,-0.1992,-1.1707,2.6987,0.3905,8.7656,2.6857,-6.3654,6.3351,0.9087,9.2026,-1.1581,3.2403,-4.0858,0.5665,-2.0123,9.3335,-2.1354,0.4232,-0.999953,0,1698375682.7778,88
-0.3794,-2.8171,-0.1291,1.7289,-0.14,-0.7012,3.2795,0.4477,8.4168,2.541,-5.276,6.3826,1.5711,8.9523,-1.1507,2.9434,-3.6302,0.8472,-2.3074,8.9772,-1.9651,0.3199,-0.999963,0,1698375682.7873,88
-0.4039,-2.6722,-0.1126,1.7719,-0.0744,-0.2044,3.7844,0.6612,7.9246,2.4838,-5.0443,5.6271,1.6025,8.6756,-1.0276,2.5794,-2.4899,2.7465,-2.7685,8.8697,-1.8688,0.2993,-0.968419,0,1698375682.7976,89
-0.427,-2.5866,-0.0964,1.7424,-0.0558,0.2591,4.1969,0.9086,7.6342,2.4576,-5.2291,4.4164,1.2323,8.2824,-0.9355,2.4068,-3.3076,5.0297,-3.1879,8.6248,-2.69,0.6229,-0.916108,0,1698375682.8073,90
-0.4482,-2.4849,-0.0805,1.7155,-0.1308,0.7255,4.4756,1.1647,7.3985,2.4389,-5.4186,3.1454,0.8211,7.8655,-0.8735,2.2837,-5.0165,4.6241,-3.2359,8.0342,-3.2182,1.0048,-0.906951,0,1698375682.817,91
-0.4675,-2.2927,-0.0648,1.7318,-0.2147,1.1748,4.652,1.5351,7.4509,2.4268,-5.5871,2.2178,0.5487,7.5652,-0.7966,2.1178,-3.9868,1.7985,-3.4317,7.6029,-2.7334,0.9248,-0.927649,0,1698375682.827,92
-0.4848,-2.0943,-0.0498,1.7066,-0.1921,1.4632,4.7022,1.7561,7.5852,2.451,-5.5816,1.7308,0.389,7.3416,-0.6927,2.0387,-2.9858,0.2736,-3.3579,7.3674,-2.5252,0.7758,-0.943803,0,1698375682.8381,93
-0.5005,-1.9339,-0.0353,1.6591,-0.0765,1.7111,4.6218,1.8138,7.5817,2.3485,-5.6055,1.575,0.231,7.1692,-0.6216,1.8922,-3.6613,1.3006,-2.8353,7.2687,-2.4591,0.9016,-0.95635,0,1698375682.8475,94
-0.5143,-1.8127,-0.021,1.6119,-0.1043,2.0775,4.4426,1.8966,7.5061,2.1253,-5.8925,1.8051,0.0741,7.0236,-0.6386,1.7562,-4.1945,1.8759,-2.4737,7.1246,-2.1775,0.9147,-0.966096,0,1698375682.8569,95
-0.526,-1.6586,-0.007,1.5557,-0.3108,2.4968,4.1509,1.9917,7.6203,1.7954,-6.0949,2.2565,0.0724,6.8811,-0.7076,1.7068,-3.8221,1.1978,-2.1631,6.9879,-1.9304,0.7936,-0.973665,0,1698375682.8674,96
-0.5356,-1.4495,0.0068,1.5358,-0.3733,2.8394,3.7342,2.1002,7.8699,1.5562,-6.2257,2.4741,0.1631,6.7819,-0.7591,1.7015,-3.2081,1.2515,-1.8442,6.9798,-1.9049,0.7778,-0.968328,0,1698375682.8771,97
-0.5429,-1.229,0.0203,1.535,-0.2436,3.0903,3.2538,2.0277,7.9464,1.5474,-6.4918,2.2307,0.1458,6.7922,-0.7809,1.707,-2.7619,1.9903,-1.4994,6.9465,-1.9696,0.6737,-0.746112,0,1698375682.8872,98
-0.5476,-1.0281,0.0333,1.4638,-0.2861,3.4317,2.7222,1.9692,8.0045,1.4085,-6.713,1.4426,-0.0082,6.8593,-0.8272,1.8016,-2.4179,2.0511,-1.1608,6.9545,-1.991,0.593,-0.361475,0,1698375682.8971,99
-0.5502,-0.8212,0.046,1.3781,-0.3097,3.6926,2.1405,1.9612,8.3123,1.1624,-6.6896,0.2663,-0.1952,7.0098,-0.8416,1.9048,-2.0697,1.7438,-0.7947,7.0805,-1.9783,0.5469,-0.057517,0,1698375682.9069,0
-0.5499,-0.6028,0.0584,1.3466,-0.2812,3.8416,1.5558,1.8109,8.401,1.0969,-6.6349,-0.8331,-0.441,7.2689,-0.8634,1.9587,-1.7184,1.702,-0.3808,7.2655,-1.9288,0.431,0.178594,0,1698375682.9173,1
-0.547,-0.3802,0.0704,1.3105,-0.5761,4.0348,1.0104,1.7407,8.411,0.775,-6.5139,-2.0501,-0.8194,7.5575,-0.956,2.0626,-1.5724,2.0453,0.0182,7.4218,-1.8128,0.3142,0.361988,0,1698375682.9272,2
-0.541,-0.0902,0.0815,1.2252,-1.0352,4.1636,0.4402,1.6875,8.5717,0.4335,-6.5001,-3.9584,-1.4806,7.868,-0.9427,1.9768,-1.5426,2.577,0.2829,7.5573,-1.6995,0.2031,0.500091,0,1698375682.9373,3
-0.5304,0.2518,0.0921,1.1399,-1.3799,4.3148,-0.1458,1.4772,8.3146,0.3955,-6.7202,-6.1376,-2.2916,8.1771,-0.9104,1.8658,-1.4572,2.8733,0.4247,7.7254,-1.6251,0.1153,0.429535,0,1698375682.947,4
-0.5151,0.5964,0.1024,1.105,-1.4959,4.462,-0.6965,1.2166,7.9251,0.3614,-6.3569,-8.0519,-2.7715,8.3966,-1.0684,1.9514,-1.3329,3.1076,0.5032,7.9167,-1.6104,0.0433,0.157722,0,1698375682.9571,5
-0.4962,0.9613,0.113,1.1188,-1.3457,4.5227,-1.2094,0.9372,7.5595,0.4716,-5.5532,-9.2806,-2.8358,8.5684,-1.2775,1.9562,-1.1818,3.4345,0.5012,8.1253,-1.5928,-0.0212,-0.098694,0,1698375682.9671,6
-0.4752,1.2223,0.1245,1.1662,-0.9155,4.5665,-1.6223,0.6823,7.3205,0.6672,-4.8872,-8.9294,-2.5832,8.7748,-1.4345,1.9353,-0.946,4.262,0.4715,8.3695,-1.6481,-0.195,-0.298172,0,1698375682.9772,7
-0.4535,1.4,0.1367,1.2371,-0.485,4.5348,-1.9319,0.391,7.1409,0.9279,-4.202,-7.507,-2.151,9.0084,-1.5175,1.701,-0.7637,4.0798,0.5626,8.6182,-1.861,-0.1766,-0.263017,0,1698375682.9874,8
-0.433,1.5519,0.1494,1.3224,0.0624,4.4199,-2.0684,0.0693,7.2078,1.0075,-3.6903,-5.5892,-1.9124,9.2627,-1.5263,1.5423,0.3945,3.3843,0.4834,9.038,-2.0529,0.1291,-0.014045,0,1698375682.9973,9
-0.4155,1.5223,0.1618,1.3559,0.5865,4.3954,-2.0415,-0.221,7.732,0.7652,-3.2859,-2.8904,-1.4339,9.5579,-1.5602,1.6224,2.6559,4.298,0.1347,9.534,-1.9624,0.3654,0.212361,0,1698375683.0082,10
-0.4043,1.3038,0.1735,1.297,1.0217,4.4446,-1.8758,-0.7008,8.6302,0.2947,-2.7495,0.2157,-0.597,9.8927,-1.533,1.7252,3.8781,5.0954,-0.0364,9.9274,-1.8448,0.4824,0.388218,0,1698375683.0183,11
-0.4015,0.979,0.1836,1.1908,1.3946,4.2492,-1.5399,-1.1692,9.7376,-0.1344,-2.2851,2.9709,-0.0304,10.2872,-1.3954,1.9339,3.7665,4.7356,-0.0134,10.3425,-1.8994,0.5829,0.524811,0,1698375683.0283,12
-0.4048,0.6405,0.1915,1.0711,1.6119,3.7268,-1.0967,-1.6822,10.6867,-0.4601,-2.0326,4.9217,0.2401,10.7177,-1.2794,2.1738,3.2844,3.4685,0.0104,10.7341,-1.8405,0.6668,0.630906,0,1698375683.0383,13
-0.4106,0.341,0.1978,0.9531,1.8241,3.1319,-0.5624,-2.314,11.2598,-1.0598,-1.7333,6.0612,0.4817,10.9996,-1.2003,2.5726,2.7122,1.9023,-0.0077,11.0768,-1.67,0.6941,0.713314,0,1698375683.0481,14
-0.4181,0.0962,0.203,0.8413,1.8449,2.657,0.0486,-2.4714,11.88,-1.868,-1.2964,6.3455,0.7972,11.0868,-1.153,2.9139,1.9891,0.6209,-0.0107,11.3569,-1.6201,0.7569,0.777323,0,1698375683.0575,15
-0.4259,-0.0645,0.2081,0.7503,1.7869,2.2676,0.6467,-2.0725,12.5598,-2.3132,-1.1692,5.8862,0.9741,11.2193,-1.0591,3.0876,1.1411,-0.8302,-0.1681,11.6118,-1.6979,0.9202,0.82704,0,1698375683.0671,16
-0.4314,-0.0991,0.2126,0.6562,1.8637,1.8084,1.1931,-1.5913,12.87,-2.1145,-1.4437,4.8265,0.8055,11.5306,-0.969,3.1287,-0.0902,-2.3903,-0.3373,11.9382,-1.7989,1.1258,0.865657,0,1698375683.0774,17
-0.4318,-0.0121,0.2143,0.5242,1.4939,1.3981,1.615,-1.1577,13.3715,-1.2346,-1.875,3.2517,0.2792,11.971,-1.0971,3.1993,-1.4173,-3.9446,-0.4729,12.3346,-1.8224,1.2192,0.8881,0,1698375683.0869,17
-0.4261,0.1393,0.2136,0.3784,0.7678,0.9984,1.9128,-1.2953,13.9171,-0.2266,-2.2722,1.1875,-0.6963,12.5256,-1.203,3.4451,-2.7762,-5.4033,0.0412,12.9788,-2.2615,1.4297,0.682262,0,1698375683.0973,18
-0.4166,0.3259,0.21,0.1574,0.4313,0.843,2.5055,-1.7633,12.2883,0.9275,-2.3481,-1.1019,-2.117,13.0288,-1.1682,3.7001,-2.6293,-5.5588,0.5079,13.5807,-2.3292,1.6493,0.306662,0,1698375683.1082,19
-0.4062,0.4934,0.1993,-0.1744,0.4077,0.6491,2.9837,-1.5957,10.1373,2.4371,-1.8421,-3.1937,-3.5103,13.2881,-1.1051,3.9476,-1.1985,-3.9437,0.4801,13.8307,-1.844,1.6809,0.014923,0,1698375683.1184,20
-0.3996,0.4678,0.1801,-0.5425,0.691,0.0689,2.9939,-1.2619,10.4308,3.4667,-0.965,-4.9123,-4.4067,13.2297,-1.0186,4.0976,-1.351,-3.2304,0.9042,13.7025,-1.6286,1.6515,-0.211679,0,1698375683.1278,21
-0.3999,0.268,0.1574,-0.9169,1.0722,-0.3433,3.3452,-1.7534,11.6851,3.797,-0.1815,-6.4806,-4.6828,13.0043,-0.9071,4.1909,-1.933,-4.9704,0.9763,13.3196,-1.2784,1.6016,-0.387688,0,1698375683.1373,22
-0.4033,0.1308,0.1321,-1.3769,1.0401,-0.3159,3.9964,-2.3487,12.2339,3.7601,0.3777,-8.0507,-4.651,12.8764,-0.6783,4.2567,-2.1294,-6.973,0.8252,13.111,-1.069,1.5947,-0.524399,0,1698375683.1474,23
-0.4035,0.175,0.1029,-1.8821,0.8661,-0.2392,4.5662,-2.3677,12.5353,3.6366,0.8998,-9.0725,-4.5351,12.7841,-0.348,4.1429,-2.6544,-7.5697,0.9805,13.0438,-0.9887,1.6331,-0.630587,0,1698375683.1573,24
-0.3972,0.3712,0.0705,-2.3708,0.9218,-0.3619,4.7385,-2.1333,12.0478,3.8619,1.3683,-8.7848,-4.0224,12.5761,-0.2216,4.0013,-2.4051,-6.2667,0.7943,12.9248,-0.856,1.8616,-0.713066,0,1698375683.1668,25
-0.3852,0.6449,0.0346,-2.7153,0.3592,-0.0534,4.4148,-0.7953,11.4115,3.8793,1.9811,-7.4518,-3.0882,12.2819,-0.3075,3.9065,-1.6516,-4.1578,0.4785,12.6891,-0.9483,1.9931,-0.77713,0,1698375683.1774,26
-0.3704,0.9137,-0.0033,-2.8472,-0.3837,0.4087,4.068,0.2252,11.6718,3.8243,2.9207,-5.8557,-2.066,12.0813,-0.4034,3.7856,-1.2675,-3.4666,0.2851,12.459,-1.3252,2.1347,-0.82689,0,1698375683.1875,27
-0.3549,1.0804,-0.041,-2.991,-0.7903,0.8094,3.8096,0.322,12.018,4.1159,3.9922,-3.6641,-1.128,12.3544,-0.4084,3.6139,-0.7918,-3.325,0.1324,12.2583,-1.6832,2.2111,-0.86554,0,1698375683.1973,28
-0.3398,1.1514,-0.0768,-3.1491,-1.1343,1.2254,3.6004,0.396,12.3061,4.2535,5.3963,-3.1838,-0.5928,12.7747,-0.7507,2.8081,-0.1446,-2.2931,0.3418,12.119,-1.8297,2.0005,-0.895466,0,1698375683.2078,29
-0.3247,1.2431,-0.1117,-3.2459,-1.4551,1.604,3.3544,0.2899,12.2351,4.3397,6.7383,-3.7558,-1.0311,12.816,-0.5381,2.0841,0.7919,-1.368,0.7516,12.1039,-1.8436,1.8417,-0.912996,0,1698375683.2173,30
-0.3092,1.3714,-0.1464,-3.3421,-1.9464,1.898,2.9759,0.0042,12.6798,4.0892,6.7061,-2.2171,-1.4933,12.8922,-0.2294,2.4246,1.7622,-0.8479,1.2421,12.0154,-1.7988,1.6841,-0.92609,0,1698375683.2272,31
-0.2928,1.4665,-0.1809,-3.4646,-2.0544,1.8119,2.4918,-0.5901,12.8114,3.8024,6.6802,0.6202,-0.6704,12.7677,-0.8608,3.2279,2.2832,-0.1543,1.7185,11.771,-1.7028,1.5131,-0.941638,0,1698375683.2375,32
-0.2755,1.582,-0.2147,-3.5491,-2.0479,1.6241,1.861,-1.0319,12.0383,3.5369,7.1441,2.4142,0.4954,12.2135,-0.9259,3.5568,2.6495,0.4424,1.8951,11.4049,-1.4743,1.3434,-0.9456,0,1698375683.2478,33
-0.258,1.6663,-0.2474,-3.4779,-2.054,1.4585,1.0941,-1.2775,11.3597,3.1898,6.8278,1.5817,1.0908,11.6317,-0.3454,3.2147,3.3312,0.6,1.6905,11.0199,-1.1882,1.1608,-0.93013,0,1698375683.2569,34
-0.2402,1.6744,-0.2786,-3.3678,-1.7962,1.1911,0.2555,-1.4443,10.3919,3.1094,6.1936,-0.31,1.3785,11.0836,0.0325,2.9184,3.9671,0.8119,1.3305,10.6865,-0.973,0.9813,-0.86124,0,1698375683.2673,35
-0.2217,1.6764,-0.3075,-3.3,-1.6787,0.8938,-0.6719,-1.2926,9.5381,2.9478,5.8074,-1.8568,1.5935,10.5791,0.1378,2.881,4.3273,1.2074,0.883,10.3518,-0.8115,0.8138,-0.727496,0,1698375683.2771,36
-0.2025,1.7013,-0.3335,-3.1421,-1.4459,0.5488,-1.5678,-1.1323,8.8645,2.7429,5.7955,-2.5086,1.913,10.1508,0.1798,2.8498,4.7315,1.3075,0.3113,10.0069,-0.6277,0.6331,-0.689219,0,1698375683.2877,37
-0.1826,1.7318,-0.3577,-2.998,-0.8212,0.0302,-2.1623,-1.3488,8.0775,2.8374,5.984,-1.9148,2.4424,9.8174,0.1876,2.7607,5.2227,1.1202,-0.2802,9.6476,-0.4634,0.4544,-0.758607,0,1698375683.2978,38
-0.1621,1.7416,-0.3803,-2.8345,-0.3325,-0.4288,-2.757,-1.4627,7.5605,2.829,6.346,-0.3738,3.1152,9.4694,0.1624,2.6331,5.7406,0.8299,-0.8163,9.2004,-0.3696,0.2738,-0.812503,0,1698375683.307,39
-0.1413,1.7887,-0.4016,-2.6031,0.0778,-0.7206,-3.4933,-1.3962,7.3616,2.5625,7.0328,1.6404,3.8917,9.0529,0.0856,2.4616,5.9937,0.5379,-1.128,8.7039,-0.3944,0.1148,-0.854365,0,1698375683.3174,40
-0.1204,1.8623,-0.4218,-2.417,0.4271,-1.0188,-4.0601,-1.4736,7.2918,2.2512,8.0128,3.6352,4.6355,8.5727,0.0166,2.2763,5.7216,0.2583,-1.1041,8.2268,-0.5069,-0.0383,-0.886881,0,1698375683.3272,41
-0.1,1.9192,-0.4411,-2.2595,0.5391,-1.3433,-4.4433,-1.6431,7.0577,2.034,9.3893,5.2647,5.2183,8.064,-0.0365,2.0781,5.1328,-0.1063,-0.835,7.7665,-0.5857,-0.2286,-0.912137,0,1698375683.3371,42
-0.0808,1.9235,-0.4595,-2.1372,0.6559,-1.69,-4.6608,-1.66,6.7535,1.9431,11.1854,6.5568,5.6446,7.55,-0.0459,1.9303,4.6916,-0.329,-0.4693,7.3434,-0.5973,-0.4194,-0.931754,0,1698375683.3474,43
-0.063,1.9198,-0.4767,-2.0159,0.7569,-2.0606,-4.7181,-1.6139,6.4498,1.8994,12.9775,7.4889,5.8828,7.0619,-0.0281,1.8548,4.8329,0.1201,-0.157,6.9852,-0.5701,-0.4824,-0.946992,0,1698375683.3576,44
-0.047,1.8936,-0.4926,-1.8984,0.8165,-2.4252,-4.6152,-1.6667,6.2108,1.8725,14.4428,7.7637,5.848,6.6529,0.0175,1.8101,4.8848,0.947,0.2202,6.6927,-0.5923,-0.4287,-0.958827,0,1698375683.3674,45
-0.0332,1.7492,-0.507,-1.7975,0.7572,-2.8158,-4.3946,-1.8567,6.0775,1.8759,15.1583,7.2597,5.4,6.3192,0.1115,1.7937,4.2714,1.4103,0.7585,6.4587,-0.5623,-0.4444,-0.96802,0,1698375683.3775,46
-0.0217,1.5579,-0.5199,-1.6897,0.8841,-3.2299,-4.0861,-2.1625,6.1677,1.7895,14.9556,6.0731,4.6318,6.0859,0.1947,1.8353,3.6058,1.5529,1.2781,6.3116,-0.4267,-0.5144,-0.97516,0,1698375683.387,47
-0.0123,1.3872,-0.5312,-1.5808,0.883,-3.5729,-3.6999,-2.3967,6.2578,1.5455,14.1309,4.8617,3.8247,6.0386,0.2668,1.9307,3.2704,1.7369,1.6664,6.2722,-0.2949,-0.5588,-0.980706,0,1698375683.3973,48
-0.0048,1.2468,-0.5406,-1.4514,0.6282,-3.9407,-3.2448,-2.4924,6.415,1.2769,12.8725,3.8151,2.9763,6.1393,0.3286,2.0304,3.0004,2.1006,1.9952,6.3535,-0.2236,-0.5757,-0.985014,0,1698375683.407,49
0.0019,1.1136,-0.5477,-1.2644,0.4745,-4.3926,-2.7635,-2.5784,6.6143,1.1131,11.5533,2.9604,2.1758,6.3158,0.3866,2.1467,2.7217,2.3362,2.2557,6.5052,-0.2034,-0.5894,-0.98836,0,1698375683.4179,50
0.0084,1.0121,-0.5521,-1.0364,0.1942,-4.626,-2.2909,-2.4662,6.8223,0.7937,10.354,2.6332,1.5889,6.5478,0.4107,2.2861,2.6493,2.1928,2.3464,6.7206,-0.2062,-0.628,-0.990959,0,1698375683.4278,50
0.0154,0.9714,-0.5541,-0.803,-0.1421,-4.5968,-1.8274,-2.0781,7.0308,0.4663,9.2708,2.7727,1.2064,6.79,0.41,2.4099,2.7643,1.6834,2.3538,7.1086,-0.1854,-0.6003,-0.992977,0,1698375683.4378,51
0.0235,0.9815,-0.5537,-0.572,-0.3691,-4.586,-1.3532,-1.6513,7.2068,0.182,8.3893,3.2398,1.061,7.0337,0.4118,2.4981,2.8229,0.8012,2.3008,7.5277,-0.1,-0.4436,-0.994545,0,1698375683.4471,52
0.0334,1.0568,-0.55,-0.2983,-0.4211,-4.5504,-0.8725,-1.4461,7.6449,-0.0164,7.6016,3.5422,1.0366,7.2803,0.4458,2.484,1.8629,-0.1047,2.3584,7.8373,-0.2919,-0.1895,-0.995763,0,1698375683.4577,53
0.0447,1.1012,-0.541,0.0738,-0.1896,-4.6582,-0.3669,-1.487,7.5669,0.2107,6.8977,3.5367,1.0859,7.5377,0.4559,2.4369,1.0627,-0.3568,2.3657,8.1869,-0.5414,0.1393,-0.996709,0,1698375683.4671,54
0.0573,1.1228,-0.5254,0.5212,-0.1308,-4.5843,0.1433,-1.1638,7.1477,0.3147,6.3288,3.2836,1.0432,7.7818,0.3844,2.375,0.9797,-0.0395,2.0978,8.5598,-0.5839,0.3637,-0.997444,0,1698375683.4771,55
0.0708,1.1627,-0.5036,1.0066,-0.1755,-4.1894,0.653,-0.7704,7.1385,0.2136,5.9474,2.8177,1.0859,8.0051,0.3174,2.2873,0.8309,0.1166,1.6878,8.8093,-0.5218,0.3611,-0.998015,0,1698375683.4875,56
0.0849,1.1839,-0.4771,1.409,-0.021,-3.8751,1.1469,-0.7646,7.1899,0.2579,5.681,2.3076,1.3338,8.2429,0.3014,2.2198,0.7656,-0.1959,1.1818,8.9822,-0.4188,0.2243,-0.998458,0,1698375683.4973,57
0.0991,1.2384,-0.4478,1.7088,0.1305,-3.5687,1.5654,-0.6594,7.3623,0.2334,5.4724,1.9071,1.4846,8.5172,0.3488,2.2101,0.2675,-0.5699,0.8033,9.2066,-0.5336,0.109,-0.998802,0,1698375683.5095,58
0.114,1.2627,-0.415,2.0057,0.6042,-3.2552,2.1859,-0.7199,8.691,0.4348,5.2468,1.4444,1.3876,9.2226,0.427,2.3586,-0.3094,-0.325,0.2605,9.7317,-0.6137,-0.0455,-0.99907,0,1698375683.5264,59
0.1307,1.1941,-0.38,2.0367,1.1573,-3.2023,2.3009,-0.6471,9.2569,1.0385,4.8607,1.511,1.1659,9.6254,0.4234,2.5654,-0.7592,-0.5952,0.1951,9.8735,-0.6963,-0.5103,-0.999277,0,1698375683.5369,60
0.1445,1.1059,-0.3607,1.6656,1.5604,-3.0427,2.2002,-0.1656,10.1944,1.5405,4.4424,1.7443,0.9162,10.0905,0.4401,2.7945,-0.9748,-1.1203,0.3309,10.1678,-0.832,-0.6978,-0.999439,0,1698375683.5466,61
0.1536,1.0479,-0.3625,1.14,1.5958,-2.5872,1.8475,0.43,11.5996,1.452,3.8183,1.882,0.5629,10.548,0.4267,2.9788,-0.8909,-1.4669,0.5096,10.7446,-0.9529,-0.4856,-0.999564,0,1698375683.5568,62
0.1608,0.9655,-0.3727,0.5954,1.3531,-2.0639,1.3384,0.9773,12.6868,1.1423,2.8555,1.7223,0.0617,10.9486,0.3526,3.0738,-0.6374,-1.5358,0.6809,11.2734,-1.023,-0.3387,-0.999661,0,1698375683.5672,63
0.1662,0.8502,-0.3881,0.1035,0.9354,-1.5023,0.7027,1.3316,13.4318,0.4275,1.6484,1.0903,-0.6121,11.2645,0.3178,3.0822,-0.7115,-1.2186,0.9852,11.7194,-1.3993,-0.0576,-0.999737,0,1698375683.5803,64
0.17,0.7206,-0.4049,-0.2476,0.7643,-1.0644,-0.0442,1.2666,13.617,-0.5046,-0.0707,0.1776,-1.3239,11.4428,0.3084,3.0809,-0.1879,-0.8095,1.0494,12.0198,-1.6426,0.1309,-0.999796,0,1698375683.5917,65
0.1724,0.5888,-0.4156,-0.3076,0.6774,-0.7473,-0.6985,1.0335,13.921,-0.9976,-2.1337,-0.9251,-1.9398,11.5727,0.2818,3.3135,0.8256,-0.657,0.847,12.1976,-1.6125,0.1257,-0.998797,0,1698375683.6024,66
0.173,0.4692,-0.4149,-0.1234,-0.3721,0.1398,-1.6388,0.2101,14.9565,0.6077,-5.3966,-4.1985,-3.3334,12.2599,0.3517,4.2636,1.3997,-1.5958,1.042,12.9154,-1.5088,0.0108,-0.997525,0,1698375683.6127,67
0.1722,0.3137,-0.4036,0.1698,-0.489,0.713,-2.0291,0.2605,13.6002,1.3222,-6.4912,-6.2236,-4.1389,12.689,0.3443,4.6874,1.5048,-2.725,1.2358,13.3219,-1.519,0.0511,-0.990788,0,1698375683.6233,68
0.1689,0.0934,-0.3843,0.5145,-0.5364,0.9878,-2.461,0.5872,12.2738,2.5611,-7.24,-7.725,-4.6546,13.0277,0.1072,5.0002,1.0726,-3.2834,1.3088,13.5928,-1.6057,0.1367,-0.955398,0,1698375683.6336,69
0.1595,-0.1806,-0.3625,0.8342,0.0575,0.903,-2.781,0.3705,12.0091,4.1972,-7.9435,-8.3986,-4.7408,13.2025,-0.3032,5.1509,0.367,-3.1342,1.0408,13.5858,-1.7295,0.2139,-0.9347,0,1698375683.6435,70
0.1429,-0.5689,-0.3441,1.0221,0.8366,1.0945,-3.1132,0.1518,11.4442,5.2817,-8.9134,-8.4744,-4.5222,13.0831,-0.6729,5.124,-0.1222,-2.7618,0.5029,13.3594,-1.8657,0.2383,-0.94928,0,1698375683.6538,71
0.1199,-1.0408,-0.3335,0.9401,1.3974,1.3898,-3.5595,0.2943,11.3125,5.8349,-9.7964,-7.9572,-3.9033,12.7271,-0.9037,4.9894,-0.1988,-2.4598,-0.0692,13.0791,-2.0172,0.2439,-0.960604,0,1698375683.6634,72
0.0939,-1.4009,-0.3322,0.6874,1.8808,1.4086,-4.0442,0.0821,11.3284,5.8958,-10.0313,-6.8592,-2.9045,12.2757,-0.908,4.8459,-0.0572,-2.2295,-0.4445,12.8167,-2.1346,0.33,-0.9694,0,1698375683.6741,73
0.0661,-1.7258,-0.3346,0.4665,1.606,1.5929,-4.4045,-0.172,11.0011,5.412,-9.6378,-5.6136,-1.8406,11.7683,-0.8121,4.7692,-0.0529,-1.8682,-0.8451,12.3571,-2.2143,0.4614,-0.976229,0,1698375683.6839,74
0.0364,-2.0478,-0.3353,0.401,1.0253,1.6448,-4.594,-0.4099,11.0157,4.9231,-8.6776,-4.5097,-0.9393,11.2907,-0.7477,4.7211,-0.7501,-1.205,-0.9994,11.8162,-2.3043,0.5799,-0.981525,0,1698375683.6943,75
0.0038,-2.2618,-0.3306,0.5169,0.6253,1.242,-4.5776,-0.6343,9.9975,4.3037,-7.2808,-3.5824,-0.333,10.8794,-0.6668,4.6883,-1.7867,-0.3541,-0.8748,11.5153,-2.3234,0.7637,-0.985398,0,1698375683.7044,76
-0.0317,-2.4452,-0.3201,0.73,0.7169,0.3846,-4.2683,-0.9773,9.0061,4.0657,-5.9197,-2.6925,-0.11,10.4838,-0.547,4.7077,-2.7503,0.6997,-0.8751,11.3364,-2.2124,1.0842,-0.988416,0,1698375683.7145,77
-0.0676,-2.5967,-0.3059,0.9713,0.8503,-0.318,-3.8022,-1.6544,8.8613,4.2647,-4.9068,-2.0005,-0.1362,10.1573,-0.4146,4.7316,-3.5099,1.1083,-0.8949,11.2111,-2.0155,1.2329,-0.991002,0,1698375683.7254,78
-0.1044,-2.7626,-0.2887,1.1398,0.6684,-0.7308,-3.3175,-2.0329,9.2847,4.0197,-4.4644,-1.5261,-0.4122,9.9635,-0.2367,4.729,-4.1033,0.1858,-0.8771,11.1375,-2.0004,1.2471,-0.993011,0,1698375683.7352,79
-0.1398,-2.9676,-0.2709,1.2241,0.631,-1.3327,-2.7663,-2.3856,9.888,3.8668,-4.7428,-0.8985,-1.0135,9.9632,-0.0769,4.7775,-4.4961,-0.8359,-0.7286,11.2239,-2.1192,1.4372,-0.994571,0,1698375683.7457,80
-0.1729,-3.0374,-0.254,1.3122,0.4981,-1.9322,-2.2095,-2.2584,10.1389,3.6826,-5.5011,0.0602,-1.697,10.106,-0.0308,4.8382,-4.2719,-0.6963,-0.6362,11.3864,-2.0981,1.6444,-0.995784,0,1698375683.7553,81
-0.2038,-2.9596,-0.237,1.4163,0.2738,-2.305,-1.6321,-1.5238,10.3142,3.4633,-6.5715,1.104,-2.2023,10.184,-0.0928,4.7814,-3.9478,0.5319,-0.7418,11.379,-2.004,1.7025,-0.996725,0,1698375683.7655,82
-0.2332,-2.9452,-0.2194,1.5356,0.5078,-2.3654,-0.9178,-1.016,9.9051,3.613,-7.6407,2.0681,-2.3672,10.1529,-0.2339,4.5742,-3.9679,1.5004,-0.9558,11.1367,-2.0447,1.5856,-0.997456,0,1698375683.7757,83
-0.2626,-2.935,-0.2014,1.6749,0.6282,-2.1754,-0.1712,-0.4102,9.4994,3.5602,-8.3067,2.9832,-2.1213,10.0579,-0.4115,4.2366,-4.2256,1.2428,-1.2431,10.7665,-2.1383,1.3816,-0.998024,0,1698375683.7855,83
-0.2905,-2.855,-0.1832,1.792,0.5717,-1.8633,0.5664,0.1588,9.3586,3.2146,-8.3979,3.6948,-1.5297,9.8759,-0.5927,3.8458,-4.5348,0.3243,-1.6231,10.3437,-2.1068,1.1789,-0.998465,0,1698375683.7971,84
-0.3191,-2.7566,-0.1639,1.847,0.5406,-1.5229,1.2909,0.3329,9.0423,2.9237,-7.9166,4.4801,-0.5512,9.6576,-0.8077,3.5073,-4.7494,0.3872,-1.9991,9.9081,-2.0313,1.0349,-0.998808,0,1698375683.8069,85
-0.3466,-2.66,-0.1448,1.8335,0.4688,-1.1051,1.9867,0.4269,8.9124,2.5577,-6.9393,5.6602,0.7423,9.4519,-1.0034,3.2299,-4.7857,1.2056,-2.3313,9.4861,-1.8869,0.7445,-0.999074,0,1698375683.8166,86
-0.3705,-2.6217,-0.1266,1.8289,0.4675,-0.6596,2.6421,0.3931,8.8831,2.2285,-5.9741,6.8683,1.8364,9.1577,-1.0727,2.9778,-5.1556,1.6266,-2.5577,9.056,-1.7974,0.4759,-0.999281,0,1698375683.8265,87
-0.3933,-2.6407,-0.1082,1.8453,0.6591,-0.1755,3.2287,0.3179,8.6513,2.023,-5.3743,7.4377,2.5073,8.7742,-1.0176,2.6532,-5.1711,1.3936,-2.7192,8.6521,-1.6835,0.3143,-0.999441,0,1698375683.8367,88
-0.4155,-2.6374,-0.0901,1.8638,0.8309,0.3539,3.7125,0.5446,8.4262,1.8549,-5.1752,7.3345,2.7753,8.3846,-0.8694,2.3618,-3.3927,2.1416,-3.0951,8.3221,-1.412,0.1781,-0.784769,0,1698375683.847,89
-0.4365,-2.5264,-0.0725,1.8315,0.8084,0.7566,4.1181,0.6278,7.9629,2.0015,-5.3469,6.5624,2.5864,8.0114,-0.6771,2.1865,-0.0036,5.0992,-3.7561,8.0124,-1.157,0.1242,-0.394756,0,1698375683.8563,90
-0.4549,-2.3312,-0.0559,1.762,0.8421,1.1427,4.4289,0.7025,7.2847,2.2423,-5.943,5.0747,1.9539,7.666,-0.4879,2.0292,1.6931,7.1332,-4.1263,7.273,-1.6773,0.0983,-0.083348,0,1698375683.8669,91
-0.4716,-2.1137,-0.0403,1.7208,0.8333,1.5329,4.5953,1.0235,7.0142,2.285,-6.8159,3.3201,1.057,7.3333,-0.3709,1.8346,0.555,5.1987,-3.8761,6.2377,-2.6652,-0.1607,0.158532,0,1698375683.8765,92
-0.4868,-1.9151,-0.0257,1.6832,0.7438,1.9152,4.6589,1.2833,6.9458,2.2396,-7.5689,1.9368,0.2589,7.0524,-0.3294,1.7139,-1.3832,1.4804,-3.3733,5.7914,-2.9697,-0.2344,0.346406,0,1698375683.8861,93
-0.4996,-1.764,-0.0122,1.6068,0.5499,2.467,4.5933,1.5805,7.0573,2.0159,-8.1598,1.3941,-0.2187,6.8492,-0.3389,1.668,-2.9857,-0.1958,-2.8226,5.9796,-2.8306,-0.0169,0.26912,0,1698375683.8963,94
-0.5109,-1.6224,0.0004,1.4864,0.3959,3.066,4.3745,1.9717,7.2714,1.7456,-8.5377,1.4822,-0.4183,6.6938,-0.3979,1.6281,-3.8427,-0.1071,-2.4153,6.1865,-2.5756,0.1392,-0.01418,0,1698375683.9062,95
-0.5204,-1.4447,0.0121,1.4047,0.2404,3.8091,4.0349,2.3638,7.3426,1.5472,-8.7742,1.6853,-0.5291,6.596,-0.4896,1.6048,-4.4649,-0.016,-2.0963,6.2637,-2.3037,0.3,-0.234284,0,1698375683.9155,96
-0.5276,-1.2524,0.0231,1.3718,0.0992,4.3658,3.5819,2.5037,7.5088,1.3953,-8.6588,1.2558,-0.5938,6.5711,-0.6488,1.5889,-4.7318,-0.4813,-1.7574,6.3497,-2.1105,0.2854,-0.405246,0,1698375683.9259,97
-0.533,-1.0695,0.034,1.3261,0.079,4.5894,3.0657,2.2809,7.4588,1.2826,-8.4277,0.1911,-0.7378,6.643,-0.815,1.5546,-4.1985,0.1808,-1.5683,6.4691,-1.9978,0.4468,-0.454448,0,1698375683.9353,98
-0.5363,-0.8778,0.0445,1.257,-0.0628,4.8288,2.4763,2.082,7.5597,1.0881,-8.209,-0.6257,-0.9767,6.8663,-1.032,1.5779,-3.4298,1.1918,-1.2928,6.5701,-1.9878,0.5699,-0.269401,0,1698375683.9455,99
-0.5365,-0.6536,0.0551,1.2337,-0.2666,5.0257,1.8643,1.8416,7.8373,0.8224,-7.7919,-1.5336,-1.2542,7.1427,-1.2639,1.6367,-2.9196,1.0841,-0.9143,6.7103,-1.8913,0.4916,0.014013,0,1698375683.9558,0
-0.5349,-0.4451,0.066,1.2443,-0.5187,5.183,1.279,1.559,7.9339,0.4512,-7.5856,-3.1413,-1.9947,7.4667,-1.1832,1.5297,-2.3657,0.8274,-0.6629,6.9432,-1.7431,0.3479,0.234155,0,1698375683.9655,1
-0.5316,-0.2439,0.0774,1.268,-0.7912,5.0946,0.4691,0.941,8.0525,0.4383,-7.8114,-5.1894,-3.1264,7.8216,-0.8745,1.2962,-1.8894,0.8419,-0.4386,7.2065,-1.6825,0.131,0.405145,0,1698375683.9762,2
-0.5247,-0.0042,0.0901,1.2689,-1.0643,4.8743,-0.3126,0.0181,8.0802,0.5957,-7.8488,-7.1083,-4.0855,8.1955,-0.8553,1.3254,-1.632,1.4224,-0.1724,7.5189,-1.6448,0.0095,0.537959,0,1698375683.9864,3
-0.5128,0.2697,0.1031,1.229,-1.1826,4.7109,-0.8993,-0.3551,8.1098,0.3448,-6.9599,-8.9226,-5.0009,8.4686,-1.0778,1.7671,-1.6374,2.1239,0.0718,7.8338,-1.592,-0.0089,0.637982,0,1698375683.996,4
-0.4959,0.6108,0.1156,1.2025,-0.9907,4.4893,-1.5024,-0.3843,7.8069,0.2763,-6.0548,-9.7762,-5.2756,8.6949,-1.2583,1.9063,-1.7302,2.4233,0.2334,8.136,-1.5416,-0.0374,0.493955,0,1698375684.0068,5
-0.475,0.9976,0.1283,1.1964,-0.8792,4.3667,-2.0007,-0.5431,7.5517,0.3362,-5.3032,-8.2508,-4.4467,9.0703,-1.4594,1.7961,-1.9217,2.113,0.3112,8.4441,-1.2373,0.0375,0.166071,0,1698375684.0164,6
-0.4525,1.3169,0.1412,1.2148,-0.8752,4.3524,-2.3579,-0.9192,7.8299,0.2959,-4.5269,-4.4745,-3.1945,9.4571,-1.6654,1.8425,-1.4772,2.391,0.2864,8.7715,-0.7794,-0.1227,0.133108,0,1698375684.0273,7
-0.4297,1.4959,0.1547,1.2357,-0.5636,4.3242,-2.5434,-1.1854,8.2404,0.1544,-3.9187,0.1962,-2.0164,9.8235,-1.7505,1.8486,-0.0702,2.7237,0.211,9.0566,-0.714,-0.489,0.326656,0,1698375684.0369,8
-0.409,1.5209,0.1674,1.2407,-0.1393,3.9981,-2.563,-1.4281,9.024,0.0897,-3.0484,3.9954,-1.121,10.1322,-1.7605,1.7622,1.1573,3.2906,0.1881,9.3558,-1.0494,-0.4886,0.476993,0,1698375684.0462,9
-0.3949,1.4486,0.1784,1.2163,0.6446,3.3051,-2.3319,-2.2018,9.5981,0.2704,-2.2139,6.1657,-0.3446,10.3965,-1.8468,1.7526,1.8023,3.8391,0.2471,9.7852,-1.4369,-0.3819,0.593765,0,1698375684.0562,10
-0.388,1.2185,0.1888,1.1505,1.4059,2.7651,-1.9513,-2.651,9.7124,0.3065,-1.7029,6.6372,0.2125,10.674,-1.8011,1.9244,1.9343,3.073,0.2724,10.3018,-1.6224,-0.2686,0.684466,0,1698375684.067,11
-0.3883,0.8691,0.1979,1.0622,1.4834,2.3414,-1.5645,-2.386,10.4095,0.1148,-1.611,5.6083,0.2046,11.0007,-1.5328,2.172,1.5919,1.6658,0.3006,10.8396,-1.6524,-0.1258,0.754915,0,1698375684.0766,12
-0.3927,0.5334,0.2055,0.9768,1.6442,1.5743,-1.0698,-2.2871,11.0851,-0.2503,-1.9053,3.7593,-0.2259,11.3223,-1.3025,2.4023,1.1232,0.2574,0.3293,11.3122,-1.5896,-0.0464,0.78205,0,1698375684.0866,13
-0.3989,0.2388,0.2121,0.8903,1.775,1.0015,-0.5398,-2.2065,11.5097,-0.8271,-2.1782,1.8237,-0.5799,11.53,-1.1589,2.5331,0.6288,-0.5637,0.2724,11.6397,-1.4895,0.0944,0.675978,0,1698375684.0962,13
-0.4057,0.0344,0.2178,0.8275,1.8681,0.8028,0.0107,-2.0012,11.8848,-1.0498,-2.2981,0.2641,-0.7227,11.6281,-1.0251,2.6918,-0.0578,-1.4709,0.1574,11.878,-1.4513,0.2532,0.511052,0,1698375684.107,14
-0.4109,-0.0569,0.2231,0.7598,1.9763,0.6519,0.7409,-1.5731,12.0191,-0.8796,-2.4381,-0.846,-0.8456,11.8124,-0.9702,2.786,-0.9422,-2.6237,0.0323,12.2344,-1.5395,0.3573,0.467709,0,1698375684.1168,15
-0.4128,-0.0265,0.2269,0.6198,1.8821,0.5526,1.3847,-1.0783,12.632,-0.6169,-2.7079,-1.8036,-1.2615,12.1963,-0.959,2.7528,-1.7569,-3.4237,-0.0052,12.7235,-1.7227,0.4796,0.322325,0,1698375684.1264,16
-0.4097,0.1026,0.2278,0.471,1.5329,0.5633,1.6769,-0.7039,13.3112,-0.263,-2.9567,-2.8525,-2.1137,12.6909,-0.9923,2.7957,-2.1563,-3.8269,-0.0275,13.1983,-1.784,0.6251,0.028519,0,1698375684.1365,17
-0.4019,0.2714,0.2258,0.2805,0.62,0.5289,1.9055,-0.4741,13.0153,0.3372,-2.8568,-4.0549,-3.2018,13.1698,-1.0981,2.9925,-2.1631,-4.2952,-0.0653,13.5809,-1.6568,0.741,-0.201119,0,1698375684.146,18
-0.3919,0.4182,0.2201,-0.0301,-0.2485,0.6028,2.2033,-0.6489,12.9501,1.0573,-2.463,-5.1815,-4.2557,13.5494,-1.1631,3.2598,-2.0448,-4.884,-0.0171,13.8736,-1.4201,0.8177,-0.379485,0,1698375684.1557,19
-0.3827,0.4956,0.2069,-0.4889,-0.2413,0.6303,2.524,-1.0909,13.4075,1.9082,-1.9356,-6.1767,-4.9328,13.751,-1.0525,3.4039,-2.0313,-5.4921,0.0033,13.9558,-1.135,0.8781,-0.518028,0,1698375684.1656,20
-0.3781,0.4263,0.1858,-0.9578,0.7127,0.339,3.0058,-1.4399,12.6531,3.0754,-1.2575,-6.8909,-4.9619,13.673,-0.8105,3.4965,-1.9016,-5.4471,-0.176,13.7283,-0.8589,0.8459,-0.625638,0,1698375684.1757,21
-0.3791,0.2823,0.1604,-1.2725,1.2663,0.2329,3.5794,-1.2545,11.7207,3.9483,-0.4138,-7.2914,-4.492,13.4464,-0.5993,3.5668,-1.1352,-4.9094,-0.6033,13.3897,-0.5796,0.8743,-0.709222,0,1698375684.1856,22
-0.3812,0.2381,0.1327,-1.5157,1.1151,0.4444,4.1477,-0.7643,11.4295,4.0179,0.6387,-7.3153,-3.8185,13.2209,-0.3513,3.5028,-0.361,-4.4083,-0.9616,13.0285,-0.4273,1.0589,-0.774144,0,1698375684.1956,23
-0.3788,0.3249,0.1027,-1.8616,0.2281,1.1507,4.4731,-0.3149,11.3944,3.9216,1.9274,-6.4186,-2.9213,12.9338,-0.1589,3.3341,-0.0571,-3.7881,-1.0789,12.5457,-0.4731,1.2303,-0.824571,0,1698375684.2055,24
-0.3694,0.5422,0.0694,-2.301,-0.7131,1.5315,4.3331,-0.3614,11.2905,4.0263,3.5633,-4.5419,-1.719,12.5419,-0.1966,3.2098,0.1781,-3.0592,-1.1018,12.0608,-0.6867,1.375,-0.693607,0,1698375684.2155,25
-0.3548,0.8378,0.033,-2.7284,-0.9397,1.488,3.9968,-0.4699,10.8545,4.1278,5.5523,-2.3393,-0.4665,12.0995,-0.3787,3.0606,0.3966,-2.2852,-1.0488,11.6959,-1.0427,1.4531,-0.409783,0,1698375684.226,26
-0.3383,1.0499,-0.0046,-3.097,-1.2298,1.6972,3.6197,-0.0643,10.9334,4.2212,8.1718,-0.8143,0.3811,11.3187,-0.9449,3.5294,0.6805,-1.6839,-0.9063,11.4465,-1.3921,1.535,-0.228888,0,1698375684.2364,27
-0.3227,1.1024,-0.0428,-3.2627,-1.5183,1.9133,3.2569,0.1949,11.3429,4.3302,10.3752,-0.0423,0.9628,11.2395,-1.5587,3.8915,1.1192,-1.0942,-0.6627,11.3257,-1.6568,1.6763,-0.079442,0,1698375684.2464,28
-0.3091,1.1119,-0.0798,-3.2401,-1.8207,2.1476,2.9512,0.0199,11.7166,4.363,10.8237,-0.3587,0.6698,11.7134,-1.4519,3.3992,1.7437,-0.4453,-0.2476,11.3516,-1.7871,1.7949,-0.061022,0,1698375684.2566,29
-0.2964,1.1932,-0.115,-3.2773,-1.9516,2.2802,2.6167,-0.4125,11.77,4.1711,10.1955,-0.9939,-0.202,11.7519,-1.203,3.3106,2.5356,0.2139,0.3356,11.3907,-1.7421,1.848,-0.228903,0,1698375684.2664,30
-0.2833,1.2647,-0.1498,-3.2967,-2.1539,2.2869,2.1958,-0.8638,11.5819,3.9096,9.6674,-1.1388,-0.3304,11.6674,-1.2677,3.7908,3.2853,0.846,0.9718,11.3086,-1.5828,1.8243,-0.391632,0,1698375684.2762,31
-0.269,1.3161,-0.1839,-3.2128,-2.3059,1.9921,1.6796,-1.2084,11.3278,3.549,9.392,-2.2833,-0.1796,11.3736,-0.9859,3.9996,3.8812,1.2492,1.5034,11.1036,-1.3608,1.6946,-0.526868,0,1698375684.2861,32
-0.2536,1.4297,-0.217,-3.233,-2.2953,1.5817,1.0649,-1.4531,10.7459,3.1546,8.7792,-4.361,-0.1851,11.0237,-0.3715,3.7189,4.3449,1.3817,1.7962,10.7838,-1.1188,1.4745,-0.632492,0,1698375684.2962,33
-0.2375,1.5498,-0.2485,-3.2353,-2.2589,1.2663,0.3598,-1.5662,10.2784,2.6571,8.2555,-5.628,-0.0003,10.6616,-0.0132,3.5359,4.6404,1.3978,1.86,10.4197,-0.8948,1.2677,-0.714545,0,1698375684.306,34
-0.2209,1.637,-0.2768,-3.157,-2.0662,0.9318,-0.3762,-1.7067,9.5705,2.3041,8.3174,-5.241,0.5464,10.294,0.1091,3.4657,5.0173,1.1869,1.6411,10.0693,-0.698,1.0595,-0.778279,0,1698375684.3155,35
-0.2043,1.6574,-0.3029,-3.0523,-1.8202,0.5783,-1.1464,-1.7306,8.8477,2.1438,8.6374,-3.5854,1.3085,9.9708,0.1858,3.3125,5.4208,1.0044,1.2844,9.766,-0.5682,0.8462,-0.827783,0,1698375684.3253,36
-0.1869,1.6692,-0.3284,-2.9303,-1.44,0.094,-1.9151,-1.7037,8.3119,2.0548,9.0904,-1.2445,2.2166,9.7265,0.1856,3.089,5.4726,1.0101,0.9554,9.4707,-0.5005,0.6594,-0.866234,0,1698375684.3355,37
-0.1683,1.7123,-0.3526,-2.7812,-1.1131,-0.3511,-2.6297,-1.737,7.8974,1.9662,9.7022,1.2811,3.1716,9.4875,0.1121,2.8476,5.305,0.8074,0.6198,9.1178,-0.4699,0.4742,-0.8961,0,1698375684.3454,38
-0.1496,1.7708,-0.3755,-2.5796,-0.8473,-0.7472,-3.2615,-1.822,7.6521,1.8089,10.5915,3.5487,4.0599,9.1367,0.0687,2.6691,4.96,0.4029,0.377,8.7172,-0.4931,0.3095,-0.919298,0,1698375684.3558,38
-0.131,1.8107,-0.3972,-2.4079,-0.5649,-1.1553,-3.765,-2.0088,7.3606,1.6918,11.7101,5.149,4.761,8.71,0.0481,2.5005,4.3937,-0.1218,0.312,8.3214,-0.5146,0.1838,-0.937316,0,1698375684.3653,39
-0.1131,1.8122,-0.4176,-2.3133,-0.3388,-1.5653,-4.1348,-2.1066,7.1558,1.6422,13.0979,6.0477,5.2144,8.2516,0.0623,2.3381,4.2326,0.0586,0.3407,7.9851,-0.5105,0.147,-0.951312,0,1698375684.3758,40
-0.0956,1.8146,-0.4377,-2.2241,-0.2339,-1.9595,-4.3828,-2.1318,6.8994,1.627,14.6787,6.871,5.4993,7.7884,0.0557,2.2691,4.2762,0.7296,0.5028,7.6359,-0.5556,0.1059,-0.962182,0,1698375684.387,41
-0.0781,1.7291,-0.4578,-2.1332,-0.2956,-2.333,-4.5124,-2.0757,6.8051,1.6165,15.9789,7.8743,5.666,7.4364,-0.0438,2.2486,3.9163,0.9356,0.8315,7.2933,-0.6121,0.013,-0.970626,0,1698375684.3974,42
-0.0625,1.587,-0.476,-2.0343,-0.2473,-2.7936,-4.4912,-2.1511,6.7844,1.5589,16.8636,8.4926,5.602,7.1239,-0.0412,2.1729,3.5277,1.1407,1.1891,7.0312,-0.649,-0.0425,-0.977184,0,1698375684.407,43
-0.0495,1.4881,-0.4911,-1.8978,-0.1424,-3.2596,-4.335,-2.378,6.6543,1.3937,17.099899,8.3184,5.2004,6.8045,0.0595,2.0753,2.7503,1.6102,1.7259,6.8565,-0.9538,-0.005,-0.982278,0,1698375684.4172,44
-0.0382,1.4077,-0.505,-1.7647,-0.1572,-3.6531,-4.0926,-2.4511,6.6285,1.2888,16.6623,7.7408,4.6038,6.5797,0.1532,2.046,3.084,2.1922,2.1053,6.7572,-1.0101,0.0074,-0.986235,0,1698375684.4271,45
-0.0285,1.3219,-0.5174,-1.61,-0.167,-4.1087,-3.7868,-2.5012,6.7609,1.2565,15.8213,7.1123,3.9819,6.4826,0.2372,2.0695,5.1045,2.8905,1.8913,6.7268,-0.7063,-0.0255,-0.989308,0,1698375684.4363,46
-0.0204,1.2427,-0.5271,-1.4293,-0.2487,-4.5034,-3.4359,-2.507,6.8148,1.1198,14.6763,6.1777,3.3071,6.4777,0.3396,2.1211,7.0336,3.1679,1.6134,6.7227,-0.5095,-0.0848,-0.991695,0,1698375684.4462,47
-0.013,1.1317,-0.5354,-1.2621,-0.4452,-4.7521,-3.0423,-2.3284,6.8973,0.9331,13.2237,5.1449,2.5887,6.5736,0.4945,2.2112,8.86,2.7868,1.505,6.8182,-0.348,-0.2064,-0.99355,0,1698375684.4573,48
-0.0054,1.002,-0.5418,-1.1009,-0.6958,-4.9274,-2.6207,-2.0384,7.11,0.7808,11.7111,4.4492,1.9463,6.7101,0.6186,2.3777,10.0341,2.3528,1.3475,7.0618,-0.3198,-0.2707,-0.99499,0,1698375684.4687,49
0.003,0.9384,-0.5453,-0.878,-0.9185,-5.0286,-2.1893,-1.7319,7.3043,0.6244,10.2592,3.868,1.4184,6.849,0.6666,2.4896,8.9843,2.1946,1.4092,7.3571,-0.371,-0.1964,-0.996108,0,1698375684.4784,50
0.0115,0.9355,-0.5453,-0.6228,-1.0404,-5.0544,-1.7306,-1.4898,7.42,0.4131,8.8478,3.4097,1.0032,7.0127,0.6862,2.5218,5.6601,1.7539,1.769,7.6597,-0.3951,-0.129,-0.996977,0,1698375684.4883,51
0.0205,0.9413,-0.5431,-0.3861,-1.2322,-4.9304,-1.2474,-1.2448,7.436,0.2965,7.6117,3.3741,0.7745,7.2268,0.6734,2.5593,1.1445,0.475,2.3161,7.9263,-0.4551,-0.1876,-0.997652,0,1698375684.4979,52
0.0305,0.9745,-0.5385,-0.1386,-1.4596,-4.8562,-0.74,-0.9803,7.8401,0.0255,6.6439,3.459,0.7451,7.4759,0.6234,2.5136,-2.8094,-1.1413,2.7777,8.2188,-0.345,-0.2323,-0.998176,0,1698375684.5073,53
0.041,1.0358,-0.5294,0.2012,-1.5792,-4.6622,-0.1873,-0.949,7.9115,-0.4217,5.8632,3.1738,0.7529,7.7116,0.5698,2.3798,-3.4731,-1.4507,2.5056,8.5704,0.124,-0.1425,-0.998584,1,1698375684.5175,54
0.0519,1.0461,-0.5146,0.5539,-1.6354,-3.9867,0.3629,-0.7957,7.3696,-0.4679,5.3335,2.6609,0.7906,7.9578,0.5391,2.2357,-2.5604,-0.17,2.0931,8.7935,-0.0105,-0.0369,-0.9989,1,1698375684.5271,55
0.063,1.0223,-0.4949,0.8729,-1.5179,-3.5096,0.8415,-0.4462,7.0936,-0.1264,5.2212,2.3954,0.9698,8.2118,0.5324,2.1351,-2.8417,0.6203,2.1852,8.9333,-0.5032,-0.0765,-0.999145,1,1698375684.5374,56
0.0746,1.0489,-0.472,1.2092,-1.1992,-3.4536,1.2353,-0.2543,7.0654,0.2418,5.3394,2.3477,1.1567,8.4719,0.5545,2.082,-3.0551,0.5524,2.261,9.1312,-0.3458,-0.2051,-0.999336,1,1698375684.547,57
0.0867,1.0804,-0.4477,1.5183,-0.7574,-3.5412,1.5404,-0.2513,7.2208,0.5184,5.5121,2.314,1.2414,8.753,0.5802,2.1319,-1.9733,0.0139,1.8,9.2906,0.0705,-0.3459,-0.999484,1,1698375684.5569,58
0.0987,1.0805,-0.4253,1.6694,-0.2591,-3.6119,1.7347,-0.3742,7.4786,0.6552,5.7068,2.08,1.2168,9.0725,0.5638,2.2629,-0.9174,0.0651,1.2128,9.533,0.0896,-0.2617,-0.9996,1,1698375684.5679,59
0.1117,1.0971,-0.4033,1.6906,0.1144,-3.4452,1.7749,-0.4911,8.2329,0.6869,5.6927,1.8206,1.11,9.421,0.5529,2.4296,-0.9775,0.9094,0.9483,9.8327,-0.1422,-0.1594,-0.999689,1,1698375684.5782,60
0.1245,1.0887,-0.3856,1.586,0.4129,-3.0814,1.7166,-0.5798,8.7108,0.8574,6.7026,2.0112,1.1088,9.7661,1.0066,2.8456,-1.0089,0.9235,0.6671,10.13,-0.299,-0.2016,-0.999758,1,1698375684.5879,61
0.1351,1.0758,-0.3785,1.2771,0.4667,-2.7204,1.564,-0.1769,9.7189,0.9838,7.1394,2.2598,1.0491,10.0785,1.3483,3.116,-0.7265,0.5629,0.5859,10.5929,-0.3791,-0.3549,-0.999812,1,1698375684.5974,62
0.1431,1.027,-0.3798,0.864,0.471,-2.4358,1.2878,0.376,11.2685,0.9555,5.7325,2.4349,0.7402,10.4016,1.1406,3.2037,-0.4756,-0.2711,0.5756,11.0483,-0.1465,-0.4433,-0.999854,1,1698375684.6086,63
0.1496,0.9145,-0.3873,0.4522,0.5749,-2.0494,0.8977,0.9167,12.1505,0.7111,4.1531,2.3597,0.3324,10.7121,0.9205,3.3448,-0.4214,-0.9905,0.4552,11.311,-0.3782,-0.2401,-0.999887,0,1698375684.6193,63
0.1548,0.7998,-0.3983,0.1139,0.6718,-1.7032,0.3987,1.1912,12.5989,0.2746,2.416,1.7328,-0.0508,10.9472,0.7519,3.4257,-0.4977,-1.0532,0.365,11.3781,-0.9065,-0.1242,-0.999912,0,1698375684.6294,64
0.1582,0.6714,-0.4089,-0.1044,0.8629,-1.5144,-0.2028,0.9726,12.5799,-0.3699,0.6482,0.8155,-0.414,11.129,0.7151,3.5923,-0.3413,-1.6585,0.1595,11.3723,-1.03,0.0578,-0.999932,0,1698375684.6389,65
0.16,0.5374,-0.4162,-0.1805,1.0838,-1.3474,-0.7782,0.4518,12.4694,-0.6549,-1.1381,-0.2787,-0.807,11.3763,0.7389,3.901,-1.424,-2.2215,0.5137,11.5506,-1.5076,0.5882,-0.999947,0,1698375684.6484,66
0.1602,0.3972,-0.4167,-0.0801,0.9171,-1.0548,-1.1587,-0.0652,13.1846,-0.0361,-2.685,-1.4388,-1.2187,11.7469,0.7621,4.422,-1.7724,-2.2753,0.9772,11.9542,-1.691,1.0406,-0.999959,0,1698375684.6587,67
0.1595,0.273,-0.4085,0.1902,0.5149,-0.814,-1.4176,-0.7809,14.1964,0.5233,-3.8976,-2.714,-1.7873,12.1185,0.7725,4.971,-0.2969,-2.1041,1.2537,12.4556,-1.5303,1.0713,-0.999968,0,1698375684.6689,68
0.1567,0.1277,-0.3916,0.512,-0.0054,-0.3107,-1.8113,-0.9716,13.3821,1.0736,-5.1181,-4.1451,-2.5861,12.4113,0.7436,5.3531,0.3054,-2.271,1.6508,12.8715,-1.6458,0.8676,-0.999975,0,1698375684.6788,69
0.1493,-0.153,-0.372,0.7701,-0.1727,0.1628,-2.2951,-0.2869,12.3527,2.2736,-6.3328,-5.6538,-3.3573,12.568,0.614,5.5552,0.06,-2.8183,1.551,13.1103,-1.7181,0.7723,-0.999981,0,1698375684.6883,70
0.1358,-0.525,-0.3541,0.9431,0.5641,-0.0438,-2.6693,-0.5099,12.2909,3.9942,-7.6496,-6.9901,-3.8149,12.571,0.3014,5.6269,-0.6777,-3.1854,1.0654,13.1483,-1.8408,0.7514,-0.999985,0,1698375684.6982,71
0.1157,-0.9774,-0.3411,0.9353,1.2343,-0.2468,-3.0732,-0.8742,12.0458,5.5835,-9.1999,-7.6164,-3.8133,12.4632,-0.0684,5.618,-1.6145,-3.474,0.5313,13.0707,-1.9984,0.67,-0.999988,0,1698375684.7078,72
0.091,-1.4591,-0.3372,0.7306,1.7456,-0.2238,-3.6742,-0.3123,12.6432,5.8945,-10.4731,-7.2337,-3.3646,12.311,-0.2877,5.5346,-2.1505,-3.6129,0.0347,12.9253,-2.0914,0.6051,-0.999991,0,1698375684.7175,73
0.0645,-1.881,-0.3392,0.4938,2.279,-0.2716,-4.2509,-0.357,12.9042,5.4687,-11.2268,-6.3032,-2.7502,12.0881,-0.3493,5.4407,-2.2498,-3.5043,-0.3825,12.7208,-2.1335,0.632,-0.999993,0,1698375684.7268,74
0.0368,-2.2409,-0.3416,0.3563,2.2085,-0.365,-4.594,-0.7488,12.3004,5.2925,-11.3963,-5.4646,-2.1537,11.7548,-0.3787,5.4019,-2.0491,-3.0715,-0.6913,12.5432,-2.1832,0.7793,-0.999995,0,1698375684.7361,75
0.0069,-2.5392,-0.3399,0.3794,0.7791,-0.0881,-4.5759,-0.5931,12.8487,4.5791,-10.7764,-4.6914,-1.6009,11.4177,-0.4127,5.3769,-2.0244,-2.1021,-1.0513,12.2275,-2.1912,1.1564,-0.999996,0,1698375684.746,76
-0.0273,-2.9026,-0.3329,0.5479,-0.626,0.2905,-4.2167,-0.7846,13.0663,3.5644,-9.5808,-3.9434,-1.1741,11.0395,-0.4242,5.2968,-2.9529,-0.923,-1.221,11.8891,-2.3785,1.4533,-0.999997,0,1698375684.7553,77
-0.064,-3.1447,-0.3218,0.7839,-1.0024,-0.0374,-3.7587,-1.3268,12.7192,3.3865,-8.1681,-3.4229,-0.8792,10.6271,-0.338,5.144,-4.0337,0.1291,-1.0656,11.6962,-2.4516,1.5952,-0.999997,0,1698375684.7655,78
-0.1019,-3.1652,-0.3081,0.9947,-1.051,-0.6526,-3.2215,-2.0427,12.6386,3.5819,-7.0887,-2.8235,-0.8598,10.2843,-0.1258,4.9844,-4.5596,0.729,-0.9048,11.5402,-2.2526,1.7097,-0.999998,0,1698375684.7756,79
-0.1405,-3.2214,-0.2938,1.1137,-0.932,-1.2021,-2.638,-2.6245,12.4437,3.6214,-6.6014,-1.8022,-1.131,10.0855,0.1028,4.9126,-4.8061,0.3846,-0.7774,11.4512,-2.132,1.6792,-0.999998,0,1698375684.7855,80
-0.1764,-3.311,-0.2794,1.1925,-0.831,-1.7157,-2.0724,-2.5102,12.2516,3.5999,-6.7393,-0.5489,-1.3528,10.0801,0.2569,4.8635,-4.7999,-0.3176,-0.5617,11.4616,-2.0073,1.706,-0.999999,0,1698375684.7957,81
-0.2096,-3.3309,-0.2645,1.2712,-0.5753,-2.0397,-1.4395,-1.9936,11.7518,3.599,-7.6313,0.6982,-1.7066,10.0995,0.2613,4.7606,-4.1901,-0.5084,-0.568,11.3818,-1.8131,1.7351,-0.999999,0,1698375684.8056,82
-0.2405,-3.2484,-0.249,1.3638,-0.271,-2.132,-0.7239,-1.4584,11.014,3.4377,-8.9027,1.7453,-2.1569,9.9945,0.1512,4.6067,-3.6755,-0.2332,-0.7868,11.1608,-1.9724,1.6847,-0.999999,0,1698375684.8156,83
-0.2682,-3.1292,-0.2328,1.4534,-0.0893,-2.0393,-0.007,-0.8265,10.3781,3.0799,-9.9525,2.6327,-2.2076,9.8018,-0.0375,4.3789,-3.8305,0.0931,-1.0053,10.8218,-2.2658,1.6047,-0.999999,0,1698375684.8254,84
-0.2939,-2.9824,-0.2158,1.4755,0.0213,-1.853,0.6803,-0.0695,9.6116,2.9241,-10.5446,3.5265,-1.8677,9.5915,-0.2565,4.1122,-4.1035,0.2937,-1.3514,10.3589,-2.2526,1.5017,-1,0,1698375684.8352,85
-0.3185,-2.8401,-0.198,1.5232,0.0193,-1.6317,1.3121,0.4354,8.9432,2.9338,-10.702,4.26,-1.1904,9.4123,-0.503,3.8077,-4.2832,0.3311,-1.7319,9.9247,-2.1977,1.353,-1,0,1698375684.8458,86
-0.3438,-2.7797,-0.1793,1.6635,0.0639,-1.3754,1.9528,0.5453,8.7298,2.8165,-10.3667,4.8697,-0.257,9.248,-0.7258,3.5613,-4.2608,0.3576,-2.1075,9.5426,-2.0947,1.1321,-1,0,1698375684.8555,87
-0.3686,-2.6935,-0.1599,1.7875,0.0473,-0.982,2.5519,0.5599,8.5927,2.549,-9.8258,5.1601,0.606,9.0744,-0.843,3.3507,-4.2162,0.4975,-2.418,9.2078,-1.9275,0.8764,-1,0,1698375684.8655,88
-0.3923,-2.5652,-0.1402,1.8461,-0.0678,-0.5324,3.0828,0.5707,8.3517,2.3161,-9.3682,4.8181,1.1162,8.8859,-0.8605,3.0701,-4.3724,0.8319,-2.6413,8.8775,-1.7907,0.6356,-1,0,1698375684.8756,88
-0.4158,-2.4765,-0.1205,1.8423,-0.078,-0.1295,3.5208,0.7434,8.1804,2.1619,-9.2216,4.1016,1.1681,8.6523,-0.8188,2.7938,-4.4869,1.7044,-2.8377,8.6004,-1.6182,0.5648,-0.999999,0,1698375684.8861,89
-0.439,-2.4422,-0.1,1.8285,-0.0603,0.2158,3.8422,0.9928,8.1389,2.1704,-9.1401,3.0279,0.958,8.353,-0.746,2.5194,-4.6321,2.1452,-2.8804,8.2523,-1.3989,0.4657,-0.999999,0,1698375684.8963,90
-0.4607,-2.3756,-0.0798,1.8819,-0.0491,0.5862,4.1004,1.1712,8.0837,2.1803,-8.9037,1.8112,0.6856,8.0048,-0.6481,2.2739,-4.1466,2.0053,-2.9272,7.8817,-1.1781,0.2962,-0.999998,0,1698375684.9061,91
-0.48,-2.2509,-0.0612,1.8676,-0.0464,0.8391,4.2549,1.2644,8.251,2.3782,-8.7219,1.0316,0.4204,7.6748,-0.5661,2.0642,-2.2407,3.2072,-3.1885,7.6596,-0.9922,0.3159,-0.985063,0,1698375684.9177,92
-0.4984,-2.1278,-0.0427,1.7841,-0.0196,1.0849,4.2931,1.4076,8.3953,2.5183,-8.5781,0.8606,0.2673,7.3714,-0.5243,1.8912,0.321,6.7331,-3.5414,7.5127,-0.8095,-0.2047,-0.777363,0,1698375684.9275,93
-0.5149,-2.0021,-0.0251,1.7469,-0.0823,1.5221,4.2376,1.7035,8.2992,2.2246,-8.521,1.1104,0.1986,7.1042,-0.4922,1.7405,0.7513,8.3486,-3.2881,7.312,-0.8713,-0.7869,-0.408381,0,1698375684.9379,94
-0.5284,-1.8526,-0.0099,1.6849,-0.1412,1.7364,4.1365,1.8636,8.2491,2.0056,-8.6317,1.4024,0.1256,6.8955,-0.498,1.5772,-0.3043,5.7388,-2.7964,7.0591,-0.9746,-0.786,-0.095867,0,1698375684.9478,95
-0.5398,-1.6674,0.0038,1.5947,-0.1665,2.0639,3.9097,2.1018,8.1608,1.9248,-8.7509,1.5764,0.1116,6.7589,-0.5821,1.5014,-0.8601,3.4475,-2.4733,6.9742,-1.0837,-0.5872,0.147521,0,1698375684.9583,96
-0.5493,-1.4861,0.0168,1.5231,-0.2109,2.6498,3.5691,2.4295,8.121,1.9034,-8.7088,1.6093,0.1186,6.711,-0.7204,1.4872,-1.671,3.1352,-1.8841,7.0076,-1.3681,-0.311,0.337813,0,1698375684.9684,97
-0.5567,-1.2962,0.0282,1.4267,-0.2769,3.1381,3.1682,2.4665,8.2273,1.8897,-8.5841,1.3681,0.0277,6.8085,-0.9064,1.4646,-2.2805,3.0623,-1.3386,7.0635,-1.5439,-0.1534,0.485286,0,1698375684.9786,98
-0.5609,-1.0419,0.0377,1.3108,-0.4099,3.6427,2.6957,2.259,8.3611,1.6733,-8.3612,0.9447,-0.1707,7.0842,-1.0923,1.4423,-2.349,2.369,-0.9959,7.163,-1.5951,-0.0702,0.599822,0,1698375684.9892,99
-0.5621,-0.794,0.0465,1.2059,-0.5823,4.1019,2.1762,2.0976,8.4482,1.3032,-7.8267,0.2401,-0.4467,7.4344,-1.2655,1.3675,-2.1211,1.4871,-0.6896,7.3125,-1.6218,-0.0043,0.689151,0,1698375684.9997,100
